Country,Year,Banking Crises,Currency Crises,Debt Crises
Afghanistan,1963,,1,0
Afghanistan,1964,,0,1
Afghanistan,1965,,0,1
Afghanistan,1966,,0,1
Afghanistan,1976,0,0,1
Afghanistan,2000,0,0,1
Afghanistan,2001,0,0,1
Afghanistan,2002,0,0,1
Afghanistan,2003,0,0,1
Afghanistan,2004,0,0,1
Afghanistan,2005,0,0,1
Afghanistan,2006,0,0,1
Afghanistan,2007,0,0,1
Afghanistan,2008,0,0,1
Afghanistan,2010,0,0,1
Afghanistan,2011,0,0,1
Afghanistan,2012,0,0,1
Afghanistan,2014,0,0,1
Afghanistan,2015,0,0,1
Afghanistan,2016,0,0,1
Afghanistan,2017,0,0,1
Afghanistan,2018,0,0,1
Afghanistan,2019,0,0,1
Albania,1991,0,,1
Albania,1992,0,,1
Albania,1993,0,,1
Albania,1994,1,0,1
Albania,1995,0,0,1
Albania,1996,0,0,1
Albania,1997,0,1,1
Albania,1998,0,0,1
Albania,1999,0,0,1
Albania,2000,0,0,1
Albania,2001,0,0,1
Albania,2002,0,0,1
Algeria,1988,0,1,0
Algeria,1990,1,1,0
Algeria,1991,1,1,1
Algeria,1992,1,0,1
Algeria,1993,1,0,1
Algeria,1994,1,1,1
Algeria,1995,0,0,1
Algeria,1996,0,0,1
Algeria,1997,0,0,1
Algeria,1998,0,0,1
Angola,1989,0,0,1
Angola,1990,0,0,1
Angola,1991,0,1,1
Angola,1992,0,1,1
Angola,1993,0,1,1
Angola,1994,0,1,1
Angola,1995,0,1,1
Angola,1996,0,1,1
Angola,1997,0,1,1
Angola,1998,0,1,1
Angola,1999,0,1,1
Angola,2000,0,0,1
Angola,2001,0,0,1
Angola,2002,0,0,1
Angola,2003,0,0,1
Angola,2004,0,0,1
Angola,2005,0,0,1
Angola,2006,0,0,1
Angola,2015,0,1,0
Angola,2016,0,1,0
Angola,2018,0,1,1
Angola,2019,0,0,1
Antigua and Barbuda,1985,0,0,1
Antigua and Barbuda,1986,0,0,1
Antigua and Barbuda,1996,0,0,1
Antigua and Barbuda,1997,0,0,1
Antigua and Barbuda,1998,0,0,1
Antigua and Barbuda,1999,0,0,1
Antigua and Barbuda,2000,0,0,1
Antigua and Barbuda,2001,0,0,1
Antigua and Barbuda,2002,0,0,1
Antigua and Barbuda,2003,0,0,1
Antigua and Barbuda,2004,0,0,1
Antigua and Barbuda,2005,0,0,1
Antigua and Barbuda,2006,0,0,1
Antigua and Barbuda,2007,0,0,1
Antigua and Barbuda,2008,0,0,1
Antigua and Barbuda,2009,0,0,1
Antigua and Barbuda,2010,0,0,1
Antigua and Barbuda,2011,0,0,1
Antigua and Barbuda,2014,0,0,1
Antigua and Barbuda,2015,0,0,1
Antigua and Barbuda,2016,0,0,1
Argentina,1955,,1,
Argentina,1958,,1,
Argentina,1962,,1,0
Argentina,1967,,1,0
Argentina,1975,0,1,0
Argentina,1980,1,0,0
Argentina,1981,1,1,0
Argentina,1982,1,1,1
Argentina,1983,0,0,1
Argentina,1984,0,1,1
Argentina,1985,0,0,1
Argentina,1986,0,0,1
Argentina,1987,0,1,1
Argentina,1988,0,1,1
Argentina,1989,1,1,1
Argentina,1990,1,0,1
Argentina,1991,1,0,1
Argentina,1992,0,0,1
Argentina,1993,0,0,1
Argentina,1995,1,0,0
Argentina,2001,1,0,1
Argentina,2002,1,1,1
Argentina,2003,1,0,1
Argentina,2004,0,0,1
Argentina,2005,0,0,1
Argentina,2006,0,0,1
Argentina,2007,0,0,1
Argentina,2008,0,0,1
Argentina,2009,0,0,1
Argentina,2010,0,0,1
Argentina,2011,0,0,1
Argentina,2012,0,0,1
Argentina,2013,0,1,1
Argentina,2014,0,1,1
Argentina,2015,0,1,1
Argentina,2016,0,1,1
Argentina,2018,0,1,0
Armenia,1993,0,,1
Armenia,1994,1,0,1
Armenia,1995,0,0,1
Armenia,1996,0,0,1
Armenia,1997,0,0,1
Armenia,1998,0,0,1
Austria,2008,1,0,0
Austria,2009,1,0,0
Austria,2010,1,0,0
Austria,2011,1,0,0
Austria,2012,1,0,0
Azerbaijan,1994,0,1,0
Azerbaijan,1995,1,0,0
Azerbaijan,2015,0,1,0
Azerbaijan,2016,0,1,0
Bangladesh,1975,0,1,0
Bangladesh,1987,1,0,0
Barbados,2018,0,0,1
Barbados,2019,0,0,1
Belarus,1994,0,0,1
Belarus,1995,1,0,1
Belarus,1996,0,1,1
Belarus,1997,0,1,0
Belarus,1998,0,1,0
Belarus,1999,0,1,0
Belarus,2000,0,1,0
Belarus,2009,0,1,0
Belarus,2011,0,1,0
Belarus,2015,0,1,0
Belgium,2008,1,0,0
Belgium,2009,1,0,0
Belgium,2010,1,0,0
Belgium,2011,1,0,0
Belgium,2012,1,0,0
Belize,2006,0,0,1
Belize,2007,0,0,1
Belize,2012,0,0,1
Belize,2013,0,0,1
Belize,2017,0,0,1
Benin,1965,,0,1
Benin,1966,,0,1
Benin,1967,,0,1
Benin,1968,,0,1
Benin,1969,,0,1
Benin,1970,0,0,1
Benin,1971,0,0,1
Benin,1972,0,0,1
Benin,1973,0,0,1
Benin,1974,0,0,1
Benin,1975,0,0,1
Benin,1976,0,0,1
Benin,1977,0,0,1
Benin,1978,0,0,1
Benin,1979,0,0,1
Benin,1980,0,0,1
Benin,1981,0,0,1
Benin,1983,0,0,1
Benin,1984,0,0,1
Benin,1985,0,0,1
Benin,1986,0,0,1
Benin,1987,0,0,1
Benin,1988,1,0,1
Benin,1989,1,0,1
Benin,1990,1,0,1
Benin,1991,1,0,1
Benin,1992,1,0,1
Benin,1993,0,0,1
Benin,1994,0,1,1
Benin,1995,0,0,1
Benin,1996,0,0,1
Benin,1997,0,0,1
Benin,1998,0,0,1
Benin,1999,0,0,1
Benin,2000,0,0,1
Benin,2003,0,0,1
Bhutan,1966,,1,
Bhutan,1991,0,1,1
Bhutan,1992,0,0,1
Bhutan,1993,0,0,1
Bolivia,1953,,1,
Bolivia,1956,,1,
Bolivia,1958,,1,
Bolivia,1960,,0,1
Bolivia,1961,,0,1
Bolivia,1962,,0,1
Bolivia,1963,,0,1
Bolivia,1964,,0,1
Bolivia,1965,,0,1
Bolivia,1966,,0,1
Bolivia,1967,,0,1
Bolivia,1968,,0,1
Bolivia,1969,,0,1
Bolivia,1972,0,1,0
Bolivia,1973,0,1,0
Bolivia,1980,0,0,1
Bolivia,1981,0,0,1
Bolivia,1982,0,1,1
Bolivia,1983,0,1,1
Bolivia,1984,0,1,1
Bolivia,1985,0,1,1
Bolivia,1986,1,0,1
Bolivia,1987,0,0,1
Bolivia,1988,0,0,1
Bolivia,1989,0,0,1
Bolivia,1990,0,0,1
Bolivia,1991,0,0,1
Bolivia,1992,0,0,1
Bolivia,1993,0,0,1
Bolivia,1994,1,0,1
Bolivia,1995,0,0,1
Bolivia,1996,0,0,1
Bolivia,1997,0,0,1
Bolivia,1998,0,0,1
Bolivia,2001,0,0,1
Bosnia and Herzegovina,1992,1,,
Bosnia and Herzegovina,1993,1,,
Bosnia and Herzegovina,1994,1,,1
Bosnia and Herzegovina,1995,1,,1
Bosnia and Herzegovina,1996,1,,1
Bosnia and Herzegovina,1997,0,,1
Bosnia and Herzegovina,1998,0,,1
Bosnia and Herzegovina,1999,0,0,1
Bosnia and Herzegovina,2000,0,0,1
Botswana,1984,0,1,0
Botswana,1985,0,1,0
Botswana,2001,0,1,0
Brazil,1953,,1,
Brazil,1957,,1,
Brazil,1958,,1,
Brazil,1961,,1,0
Brazil,1964,,1,0
Brazil,1968,,1,0
Brazil,1976,0,1,0
Brazil,1979,0,1,0
Brazil,1980,0,1,0
Brazil,1981,0,1,0
Brazil,1982,0,1,0
Brazil,1983,0,1,1
Brazil,1984,0,0,1
Brazil,1985,0,0,1
Brazil,1986,0,0,1
Brazil,1987,0,1,1
Brazil,1988,0,1,1
Brazil,1989,0,1,1
Brazil,1990,1,1,1
Brazil,1991,1,0,1
Brazil,1992,1,1,1
Brazil,1993,1,1,1
Brazil,1994,1,0,1
Brazil,1995,1,0,0
Brazil,1996,1,0,0
Brazil,1997,1,0,0
Brazil,1998,1,0,0
Brazil,1999,0,1,0
Brazil,2002,0,1,0
Brazil,2008,0,1,0
Brazil,2015,0,1,0
Bulgaria,1990,0,1,1
Bulgaria,1991,0,1,1
Bulgaria,1992,0,0,1
Bulgaria,1993,0,1,1
Bulgaria,1994,0,1,1
Bulgaria,1995,0,0,1
Bulgaria,1996,1,1,1
Bulgaria,1997,1,1,1
Bulgaria,1998,0,0,1
Bulgaria,1999,0,0,1
Burkina Faso,1986,0,0,1
Burkina Faso,1987,0,0,1
Burkina Faso,1988,0,0,1
Burkina Faso,1989,0,0,1
Burkina Faso,1990,1,0,1
Burkina Faso,1991,1,0,1
Burkina Faso,1992,1,0,1
Burkina Faso,1993,1,0,1
Burkina Faso,1994,1,1,1
Burkina Faso,1995,0,0,1
Burkina Faso,1996,0,0,1
Burkina Faso,1997,0,0,1
Burkina Faso,1998,0,0,1
Burkina Faso,1999,0,0,1
Burkina Faso,2000,0,0,1
Burkina Faso,2001,0,0,1
Burkina Faso,2002,0,0,1
Burkina Faso,2003,0,0,1
Burkina Faso,2004,0,0,1
Burkina Faso,2005,0,0,1
Burkina Faso,2006,0,0,1
Burundi,1983,0,1,0
Burundi,1988,0,1,0
Burundi,1994,1,0,0
Burundi,1995,1,0,0
Burundi,1996,1,0,1
Burundi,1997,1,0,1
Burundi,1998,1,0,1
Burundi,1999,0,0,1
Burundi,2000,0,0,1
Burundi,2001,0,0,1
Burundi,2002,0,0,1
Burundi,2003,0,0,1
Burundi,2004,0,0,1
Burundi,2005,0,0,1
Burundi,2006,0,0,1
Burundi,2007,0,0,1
Burundi,2008,0,0,1
Burundi,2009,0,0,1
Cabo Verde,1985,0,0,1
Cabo Verde,1986,0,0,1
Cabo Verde,1987,0,0,1
Cabo Verde,1988,0,0,1
Cabo Verde,1989,0,0,1
Cabo Verde,1990,0,0,1
Cabo Verde,1991,0,0,1
Cabo Verde,1992,0,0,1
Cabo Verde,1993,1,0,1
Cabo Verde,1994,0,0,1
Cabo Verde,1995,0,0,1
Cabo Verde,1996,0,0,1
Cabo Verde,1997,0,0,1
Cabo Verde,1998,0,0,1
Cabo Verde,1999,0,0,1
Cabo Verde,2000,0,0,1
Cabo Verde,2001,0,0,1
Cabo Verde,2002,0,0,1
Cabo Verde,2003,0,0,1
Cambodia,1969,,1,0
Cambodia,1971,0,1,1
Cambodia,1972,0,1,1
Cambodia,1973,0,0,1
Cambodia,1974,0,,1
Cambodia,1975,0,,1
Cambodia,1976,0,,1
Cambodia,1977,0,,1
Cambodia,1978,0,,1
Cambodia,1979,0,,1
Cambodia,1980,0,,1
Cambodia,1981,0,,1
Cambodia,1982,0,,1
Cambodia,1983,0,,1
Cambodia,1984,0,,1
Cambodia,1985,0,,1
Cambodia,1986,0,,1
Cambodia,1987,0,,1
Cambodia,1988,0,,1
Cambodia,1989,0,,1
Cambodia,1990,0,,1
Cambodia,1991,0,0,1
Cambodia,1992,0,1,1
Cambodia,1993,0,1,1
Cambodia,1994,0,0,1
Cambodia,1995,0,0,1
Cambodia,1996,0,0,1
Cambodia,1997,0,0,1
Cambodia,1998,0,0,1
Cambodia,1999,0,0,1
Cambodia,2000,0,0,1
Cambodia,2001,0,0,1
Cambodia,2002,0,0,1
Cambodia,2003,0,0,1
Cambodia,2004,0,0,1
Cambodia,2005,0,0,1
Cambodia,2006,0,0,1
Cambodia,2007,0,0,1
Cambodia,2008,0,0,1
Cambodia,2009,0,0,1
Cambodia,2010,0,0,1
Cambodia,2011,0,0,1
Cambodia,2012,0,0,1
Cambodia,2013,0,0,1
Cambodia,2014,0,0,1
Cambodia,2015,0,0,1
Cambodia,2016,0,0,1
Cambodia,2017,0,0,1
Cambodia,2018,0,0,1
Cambodia,2019,0,0,1
Cameroon,1985,0,0,1
Cameroon,1986,0,0,1
Cameroon,1987,1,0,1
Cameroon,1988,1,0,1
Cameroon,1989,1,0,1
Cameroon,1990,1,0,1
Cameroon,1991,1,0,1
Cameroon,1992,0,0,1
Cameroon,1993,0,0,1
Cameroon,1994,0,1,1
Cameroon,1995,1,0,1
Cameroon,1996,1,0,1
Cameroon,1997,1,0,1
Cameroon,1998,0,0,1
Cameroon,1999,0,0,1
Cameroon,2000,0,0,1
Cameroon,2001,0,0,1
Cameroon,2002,0,0,1
Cameroon,2003,0,0,1
Cameroon,2004,0,0,1
Cameroon,2005,0,0,1
Cameroon,2006,0,0,1
Cameroon,2007,0,0,1
Cayman Islands,1972,0,1,0
Central African Republic,1972,0,0,1
Central African Republic,1973,0,0,1
Central African Republic,1974,0,0,1
Central African Republic,1975,0,0,1
Central African Republic,1976,1,0,1
Central African Republic,1977,0,0,1
Central African Republic,1978,0,0,1
Central African Republic,1979,0,0,1
Central African Republic,1980,0,0,1
Central African Republic,1981,0,0,1
Central African Republic,1982,0,0,1
Central African Republic,1983,0,0,1
Central African Republic,1984,0,0,1
Central African Republic,1985,0,0,1
Central African Republic,1987,0,0,1
Central African Republic,1988,0,0,1
Central African Republic,1989,0,0,1
Central African Republic,1990,0,0,1
Central African Republic,1991,0,0,1
Central African Republic,1992,0,0,1
Central African Republic,1993,0,0,1
Central African Republic,1994,0,1,1
Central African Republic,1995,1,0,1
Central African Republic,1996,1,0,1
Central African Republic,1997,0,0,1
Central African Republic,1998,0,0,1
Central African Republic,1999,0,0,1
Central African Republic,2000,0,0,1
Central African Republic,2001,0,0,1
Central African Republic,2002,0,0,1
Central African Republic,2003,0,0,1
Central African Republic,2004,0,0,1
Central African Republic,2005,0,0,1
Central African Republic,2006,0,0,1
Central African Republic,2007,0,0,1
Central African Republic,2008,0,0,1
Central African Republic,2009,0,0,1
Central African Republic,2010,0,0,1
Central African Republic,2011,0,0,1
Central African Republic,2012,0,0,1
Central African Republic,2013,0,0,1
Central African Republic,2014,0,0,1
Central African Republic,2015,0,0,1
Central African Republic,2016,0,0,1
Central African Republic,2017,0,0,1
Central African Republic,2018,0,0,1
Central African Republic,2019,0,0,1
Chad,1974,0,0,1
Chad,1975,0,0,1
Chad,1976,0,0,1
Chad,1977,0,0,1
Chad,1978,0,0,1
Chad,1979,0,0,1
Chad,1980,0,0,1
Chad,1981,0,0,1
Chad,1982,0,0,1
Chad,1983,1,0,1
Chad,1984,0,0,1
Chad,1985,0,0,1
Chad,1986,0,0,1
Chad,1987,0,0,1
Chad,1988,0,0,1
Chad,1989,0,0,1
Chad,1990,0,0,1
Chad,1991,0,0,1
Chad,1992,1,0,1
Chad,1993,1,0,1
Chad,1994,1,1,1
Chad,1995,1,0,1
Chad,1996,1,0,1
Chad,1997,0,0,1
Chad,1998,0,0,1
Chad,1999,0,0,1
Chad,2000,0,0,1
Chad,2001,0,0,1
Chad,2002,0,0,1
Chad,2003,0,0,1
Chad,2004,0,0,1
Chad,2014,0,0,1
Chad,2015,0,0,1
Chad,2018,0,0,1
Chad,2019,0,0,1
Chile,1951,,1,
Chile,1955,,1,
Chile,1956,,1,
Chile,1962,,1,0
Chile,1963,,1,0
Chile,1967,,1,0
Chile,1971,0,1,0
Chile,1972,0,1,1
Chile,1973,0,1,1
Chile,1974,0,1,1
Chile,1975,0,1,1
Chile,1976,1,0,0
Chile,1981,1,0,0
Chile,1982,1,1,0
Chile,1983,1,1,1
Chile,1984,1,0,1
Chile,1985,1,1,1
Chile,1986,0,0,1
Chile,1987,0,0,1
Chile,1988,0,0,1
Chile,1989,0,0,1
Chile,1990,0,0,1
China,1984,0,1,0
China,1994,0,1,0
China,1998,1,0,0
Colombia,1957,,1,
Colombia,1958,,1,
Colombia,1962,,1,0
Colombia,1963,,1,0
Colombia,1965,,1,0
Colombia,1982,1,0,0
Colombia,1985,0,1,0
Colombia,1998,1,0,0
Colombia,1999,1,0,0
Colombia,2000,1,0,0
Colombia,2015,0,1,0
Comoros,1984,0,0,1
Comoros,1985,0,0,1
Comoros,1986,0,0,1
Comoros,1987,0,0,1
Comoros,1988,0,0,1
Comoros,1989,0,0,1
Comoros,1990,0,0,1
Comoros,1991,0,0,1
Comoros,1992,0,0,1
Comoros,1993,0,0,1
Comoros,1994,0,1,1
Comoros,1995,0,0,1
Comoros,1996,0,0,1
Comoros,1997,0,0,1
Comoros,1998,0,0,1
Comoros,1999,0,0,1
Comoros,2000,0,0,1
Comoros,2001,0,0,1
Comoros,2002,0,0,1
Comoros,2003,0,0,1
Comoros,2004,0,0,1
Comoros,2005,0,0,1
Comoros,2006,0,0,1
Comoros,2007,0,0,1
Comoros,2008,0,0,1
Comoros,2009,0,0,1
Comoros,2010,0,0,1
Comoros,2011,0,0,1
Comoros,2012,0,0,1
Comoros,2013,0,0,1
"Congo, Dem. Rep.",1960,,0,1
"Congo, Dem. Rep.",1961,,0,1
"Congo, Dem. Rep.",1962,,0,1
"Congo, Dem. Rep.",1963,,1,1
"Congo, Dem. Rep.",1964,,1,1
"Congo, Dem. Rep.",1965,,0,1
"Congo, Dem. Rep.",1967,,1,0
"Congo, Dem. Rep.",1976,0,1,1
"Congo, Dem. Rep.",1977,0,0,1
"Congo, Dem. Rep.",1978,0,0,1
"Congo, Dem. Rep.",1979,0,1,1
"Congo, Dem. Rep.",1980,0,0,1
"Congo, Dem. Rep.",1981,0,1,1
"Congo, Dem. Rep.",1982,0,0,1
"Congo, Dem. Rep.",1983,1,1,1
"Congo, Dem. Rep.",1984,0,1,1
"Congo, Dem. Rep.",1985,0,0,1
"Congo, Dem. Rep.",1986,0,0,1
"Congo, Dem. Rep.",1987,0,1,1
"Congo, Dem. Rep.",1988,0,1,1
"Congo, Dem. Rep.",1989,0,1,1
"Congo, Dem. Rep.",1990,0,1,1
"Congo, Dem. Rep.",1991,1,1,1
"Congo, Dem. Rep.",1992,1,1,1
"Congo, Dem. Rep.",1993,1,1,1
"Congo, Dem. Rep.",1994,1,1,1
"Congo, Dem. Rep.",1995,1,0,1
"Congo, Dem. Rep.",1996,1,1,1
"Congo, Dem. Rep.",1997,1,0,1
"Congo, Dem. Rep.",1998,1,1,1
"Congo, Dem. Rep.",1999,0,1,1
"Congo, Dem. Rep.",2000,0,1,1
"Congo, Dem. Rep.",2001,0,1,1
"Congo, Dem. Rep.",2002,0,0,1
"Congo, Dem. Rep.",2003,0,0,1
"Congo, Dem. Rep.",2004,0,0,1
"Congo, Dem. Rep.",2005,0,0,1
"Congo, Dem. Rep.",2006,0,0,1
"Congo, Dem. Rep.",2007,0,0,1
"Congo, Dem. Rep.",2008,0,0,1
"Congo, Dem. Rep.",2009,0,1,1
"Congo, Dem. Rep.",2010,0,0,1
"Congo, Dem. Rep.",2011,0,0,1
"Congo, Dem. Rep.",2016,0,1,0
"Congo, Dem. Rep.",2017,0,1,0
"Congo, Rep.",1971,0,0,1
"Congo, Rep.",1972,0,0,1
"Congo, Rep.",1973,0,0,1
"Congo, Rep.",1974,0,0,1
"Congo, Rep.",1975,0,0,1
"Congo, Rep.",1976,0,0,1
"Congo, Rep.",1977,0,0,1
"Congo, Rep.",1978,0,0,1
"Congo, Rep.",1979,0,0,1
"Congo, Rep.",1982,0,0,1
"Congo, Rep.",1983,0,0,1
"Congo, Rep.",1984,0,0,1
"Congo, Rep.",1985,0,0,1
"Congo, Rep.",1986,0,0,1
"Congo, Rep.",1987,0,0,1
"Congo, Rep.",1988,0,0,1
"Congo, Rep.",1989,0,0,1
"Congo, Rep.",1990,0,0,1
"Congo, Rep.",1991,0,0,1
"Congo, Rep.",1992,1,0,1
"Congo, Rep.",1993,1,0,1
"Congo, Rep.",1994,1,1,1
"Congo, Rep.",1995,0,0,1
"Congo, Rep.",1996,0,0,1
"Congo, Rep.",1997,0,0,1
"Congo, Rep.",1998,0,0,1
"Congo, Rep.",1999,0,0,1
"Congo, Rep.",2000,0,0,1
"Congo, Rep.",2001,0,0,1
"Congo, Rep.",2002,0,0,1
"Congo, Rep.",2003,0,0,1
"Congo, Rep.",2004,0,0,1
"Congo, Rep.",2005,0,0,1
"Congo, Rep.",2006,0,0,1
"Congo, Rep.",2007,0,0,1
"Congo, Rep.",2008,0,0,1
"Congo, Rep.",2009,0,0,1
"Congo, Rep.",2010,0,0,1
"Congo, Rep.",2011,0,0,1
"Congo, Rep.",2012,0,0,1
"Congo, Rep.",2013,0,0,1
"Congo, Rep.",2014,0,0,1
"Congo, Rep.",2015,0,0,1
"Congo, Rep.",2016,0,0,1
"Congo, Rep.",2017,0,0,1
"Congo, Rep.",2018,0,0,1
"Congo, Rep.",2019,0,0,1
Costa Rica,1981,0,1,1
Costa Rica,1982,0,0,1
Costa Rica,1983,0,0,1
Costa Rica,1984,0,0,1
Costa Rica,1985,0,0,1
Costa Rica,1986,0,0,1
Costa Rica,1987,1,0,1
Costa Rica,1988,1,0,1
Costa Rica,1989,1,0,1
Costa Rica,1990,1,0,1
Costa Rica,1991,1,0,1
Costa Rica,1992,0,0,1
Costa Rica,1993,0,0,1
Costa Rica,1994,1,0,1
Costa Rica,1995,1,0,1
Costa Rica,1996,0,0,1
Cote d'Ivoire,1983,0,0,1
Cote d'Ivoire,1984,0,0,1
Cote d'Ivoire,1985,0,0,1
Cote d'Ivoire,1986,0,0,1
Cote d'Ivoire,1987,0,0,1
Cote d'Ivoire,1988,1,0,1
Cote d'Ivoire,1989,1,0,1
Cote d'Ivoire,1990,1,0,1
Cote d'Ivoire,1991,1,0,1
Cote d'Ivoire,1992,1,0,1
Cote d'Ivoire,1993,0,0,1
Cote d'Ivoire,1994,0,1,1
Cote d'Ivoire,1995,0,0,1
Cote d'Ivoire,1996,0,0,1
Cote d'Ivoire,1997,0,0,1
Cote d'Ivoire,1998,0,0,1
Cote d'Ivoire,1999,0,0,1
Cote d'Ivoire,2000,0,0,1
Cote d'Ivoire,2001,0,0,1
Cote d'Ivoire,2002,0,0,1
Cote d'Ivoire,2003,0,0,1
Cote d'Ivoire,2004,0,0,1
Cote d'Ivoire,2005,0,0,1
Cote d'Ivoire,2006,0,0,1
Cote d'Ivoire,2007,0,0,1
Cote d'Ivoire,2008,0,0,1
Cote d'Ivoire,2009,0,0,1
Cote d'Ivoire,2010,0,0,1
Cote d'Ivoire,2011,0,0,1
Cote d'Ivoire,2012,0,0,1
Cote d'Ivoire,2013,0,0,1
Croatia,1992,0,,1
Croatia,1993,0,,1
Croatia,1994,0,0,1
Croatia,1995,0,0,1
Croatia,1996,0,0,1
Croatia,1998,1,0,0
Croatia,1999,1,0,0
Cuba,1982,0,,1
Cuba,1983,0,,1
Cuba,1984,0,,1
Cuba,1985,0,,1
Cuba,1986,0,,1
Cuba,1987,0,,1
Cuba,1988,0,,1
Cuba,1989,0,,1
Cuba,1990,0,,1
Cuba,1991,0,,1
Cuba,1992,0,,1
Cuba,1993,0,,1
Cuba,1994,0,,1
Cuba,1995,0,,1
Cuba,1996,0,,1
Cuba,1997,0,,1
Cuba,1998,0,,1
Cuba,1999,0,,1
Cuba,2000,0,,1
Cuba,2001,0,,1
Cuba,2002,0,,1
Cuba,2003,0,,1
Cuba,2004,0,,1
Cuba,2005,0,,1
Cuba,2006,0,,1
Cuba,2007,0,,1
Cuba,2008,0,,1
Cuba,2009,0,,1
Cuba,2010,0,,1
Cuba,2011,0,,1
Cuba,2012,0,,1
Cuba,2013,0,,1
Cuba,2014,0,,1
Cuba,2015,0,,1
Cuba,2016,0,,1
Cuba,2017,0,,1
Cuba,2018,0,,1
Cyprus,2011,1,,0
Cyprus,2012,1,,0
Cyprus,2013,1,,1
Cyprus,2014,1,,0
Cyprus,2015,1,,0
Czech Republic,1996,1,0,0
Czech Republic,1997,1,0,0
Czech Republic,1998,1,0,0
Czech Republic,1999,1,0,0
Czech Republic,2000,1,0,0
Denmark,2008,1,0,0
Denmark,2009,1,0,0
Djibouti,1991,1,0,0
Djibouti,1992,1,0,1
Djibouti,1993,1,0,1
Djibouti,1994,1,0,1
Djibouti,1995,1,0,1
Djibouti,1996,0,0,1
Djibouti,1997,0,0,1
Djibouti,1998,0,0,1
Djibouti,1999,0,0,1
Djibouti,2000,0,0,1
Djibouti,2001,0,0,1
Djibouti,2002,0,0,1
Djibouti,2003,0,0,1
Djibouti,2004,0,0,1
Djibouti,2005,0,0,1
Djibouti,2006,0,0,1
Djibouti,2007,0,0,1
Djibouti,2008,0,0,1
Djibouti,2009,0,0,1
Djibouti,2010,0,0,1
Djibouti,2017,0,0,1
Djibouti,2018,0,0,1
Djibouti,2019,0,0,1
Dominican Republic,1961,,0,1
Dominican Republic,1962,,0,1
Dominican Republic,1963,,0,1
Dominican Republic,1964,,0,1
Dominican Republic,1966,,0,1
Dominican Republic,1967,,0,1
Dominican Republic,1968,,0,1
Dominican Republic,1969,,0,1
Dominican Republic,1982,0,0,1
Dominican Republic,1983,0,0,1
Dominican Republic,1984,0,0,1
Dominican Republic,1985,0,1,1
Dominican Republic,1986,0,0,1
Dominican Republic,1987,0,1,1
Dominican Republic,1988,0,1,1
Dominican Republic,1989,0,0,1
Dominican Republic,1990,0,1,1
Dominican Republic,1991,0,1,1
Dominican Republic,1992,0,0,1
Dominican Republic,1993,0,0,1
Dominican Republic,1994,0,0,1
Dominican Republic,1995,0,0,1
Dominican Republic,1996,0,0,1
Dominican Republic,1997,0,0,1
Dominican Republic,1998,0,0,1
Dominican Republic,1999,0,0,1
Dominican Republic,2003,1,1,0
Dominican Republic,2004,1,0,0
Ecuador,1970,0,1,0
Ecuador,1982,1,1,1
Ecuador,1983,1,1,1
Ecuador,1984,1,0,1
Ecuador,1985,1,1,1
Ecuador,1986,1,1,1
Ecuador,1987,0,0,1
Ecuador,1988,0,1,1
Ecuador,1989,0,0,1
Ecuador,1990,0,0,1
Ecuador,1991,0,0,1
Ecuador,1992,0,1,1
Ecuador,1993,0,0,1
Ecuador,1994,0,0,1
Ecuador,1995,0,0,1
Ecuador,1998,1,1,0
Ecuador,1999,1,1,1
Ecuador,2000,1,0,1
Ecuador,2001,1,0,0
Ecuador,2002,1,0,0
Ecuador,2008,0,0,1
Ecuador,2009,0,0,1
"Egypt, Arab Rep.",1964,,0,1
"Egypt, Arab Rep.",1965,,0,1
"Egypt, Arab Rep.",1966,,0,1
"Egypt, Arab Rep.",1967,,0,1
"Egypt, Arab Rep.",1968,,0,1
"Egypt, Arab Rep.",1969,,0,1
"Egypt, Arab Rep.",1970,0,0,1
"Egypt, Arab Rep.",1977,0,0,1
"Egypt, Arab Rep.",1979,0,1,1
"Egypt, Arab Rep.",1980,1,0,1
"Egypt, Arab Rep.",1981,0,0,1
"Egypt, Arab Rep.",1982,0,0,1
"Egypt, Arab Rep.",1983,0,0,1
"Egypt, Arab Rep.",1984,0,0,1
"Egypt, Arab Rep.",1985,0,0,1
"Egypt, Arab Rep.",1986,0,0,1
"Egypt, Arab Rep.",1987,0,0,1
"Egypt, Arab Rep.",1988,0,0,1
"Egypt, Arab Rep.",1989,0,1,1
"Egypt, Arab Rep.",1990,0,1,1
"Egypt, Arab Rep.",1991,0,1,1
"Egypt, Arab Rep.",1992,0,0,1
"Egypt, Arab Rep.",1993,0,0,1
"Egypt, Arab Rep.",1994,0,0,1
"Egypt, Arab Rep.",2003,0,1,0
"Egypt, Arab Rep.",2016,0,1,0
"Egypt, Arab Rep.",2017,0,1,0
El Salvador,1981,0,0,1
El Salvador,1982,0,0,1
El Salvador,1983,0,0,1
El Salvador,1984,0,0,1
El Salvador,1985,0,0,1
El Salvador,1986,0,1,1
El Salvador,1987,0,0,1
El Salvador,1988,0,0,1
El Salvador,1989,1,0,1
El Salvador,1990,1,1,1
El Salvador,1991,0,0,1
El Salvador,1992,0,0,1
El Salvador,1993,0,0,1
El Salvador,2017,0,0,1
Equatorial Guinea,1981,0,0,1
Equatorial Guinea,1982,0,0,1
Equatorial Guinea,1983,1,0,1
Equatorial Guinea,1984,0,0,1
Equatorial Guinea,1985,0,0,1
Equatorial Guinea,1986,0,0,1
Equatorial Guinea,1987,0,0,1
Equatorial Guinea,1988,0,0,1
Equatorial Guinea,1989,0,0,1
Equatorial Guinea,1990,0,0,1
Equatorial Guinea,1991,0,0,1
Equatorial Guinea,1992,0,0,1
Equatorial Guinea,1993,0,0,1
Equatorial Guinea,1994,0,1,1
Equatorial Guinea,1995,0,0,1
Equatorial Guinea,1996,0,0,1
Equatorial Guinea,1997,0,0,1
Equatorial Guinea,1998,0,0,1
Equatorial Guinea,1999,0,0,1
Equatorial Guinea,2000,0,0,1
Equatorial Guinea,2001,0,0,1
Equatorial Guinea,2002,0,0,1
Equatorial Guinea,2017,0,0,1
Eritrea,1992,0,1,
Eritrea,1993,1,1,0
Eritrea,2001,0,1,0
Eritrea,2002,0,0,1
Eritrea,2003,0,0,1
Eritrea,2004,0,0,1
Eritrea,2005,0,0,1
Eritrea,2006,0,0,1
Eritrea,2007,0,0,1
Eritrea,2008,0,0,1
Eritrea,2009,0,0,1
Eritrea,2010,0,0,1
Eritrea,2011,0,0,1
Eritrea,2012,0,0,1
Eritrea,2013,0,0,1
Eritrea,2014,0,0,1
Eritrea,2015,0,0,1
Eritrea,2016,0,0,1
Eritrea,2017,0,0,1
Eritrea,2018,0,0,1
Estonia,1992,1,,0
Estonia,1993,1,,0
Estonia,1994,1,0,0
Eswatini,1984,0,1,0
Eswatini,1985,0,1,0
Eswatini,1995,1,0,0
Eswatini,1996,1,0,0
Eswatini,1997,1,0,0
Eswatini,1998,1,0,0
Eswatini,1999,1,0,0
Eswatini,2001,0,1,0
Eswatini,2008,0,1,0
Eswatini,2015,0,1,0
Ethiopia,1990,0,0,1
Ethiopia,1991,0,0,1
Ethiopia,1992,0,1,1
Ethiopia,1993,0,1,1
Ethiopia,1994,0,0,1
Ethiopia,1995,0,0,1
Ethiopia,1996,0,0,1
Ethiopia,1997,0,0,1
Ethiopia,1998,0,0,1
Ethiopia,1999,0,0,1
Ethiopia,2000,0,0,1
Ethiopia,2001,0,0,1
Ethiopia,2002,0,0,1
Ethiopia,2003,0,0,1
Ethiopia,2004,0,0,1
Ethiopia,2005,0,0,1
Ethiopia,2006,0,0,1
Ethiopia,2007,0,0,1
Ethiopia,2008,0,0,1
Ethiopia,2009,0,0,1
Ethiopia,2010,0,0,1
Ethiopia,2011,0,0,1
Fiji,1998,0,1,0
Finland,1957,,1,
Finland,1967,,1,0
Finland,1991,1,0,0
Finland,1992,1,0,0
Finland,1993,1,0,0
Finland,1994,1,0,0
Finland,1995,1,0,0
France,2008,1,0,0
France,2009,1,0,0
Gabon,1986,0,0,1
Gabon,1987,0,0,1
Gabon,1988,0,0,1
Gabon,1989,0,0,1
Gabon,1990,0,0,1
Gabon,1991,0,0,1
Gabon,1992,0,0,1
Gabon,1993,0,0,1
Gabon,1994,0,1,1
Gabon,1995,0,0,1
Gabon,1996,0,0,1
Gabon,1997,0,0,1
Gabon,1998,0,0,1
Gabon,1999,0,0,1
Gabon,2000,0,0,1
Gabon,2001,0,0,1
Gabon,2002,0,0,1
Gabon,2003,0,0,1
Gabon,2004,0,0,1
Gabon,2005,0,0,1
Gabon,2006,0,0,1
Gabon,2007,0,0,1
"Gambia, The",1957,,1,
"Gambia, The",1982,0,0,1
"Gambia, The",1983,0,0,1
"Gambia, The",1984,0,1,1
"Gambia, The",1985,0,0,1
"Gambia, The",1986,0,1,1
"Gambia, The",1987,0,0,1
"Gambia, The",1988,0,0,1
"Gambia, The",1989,0,0,1
"Gambia, The",2001,0,0,1
"Gambia, The",2002,0,1,1
"Gambia, The",2003,0,1,1
"Gambia, The",2004,0,0,1
"Gambia, The",2005,0,0,1
"Gambia, The",2006,0,0,1
"Gambia, The",2007,0,0,1
"Gambia, The",2008,0,0,1
"Gambia, The",2009,0,0,1
"Gambia, The",2010,0,0,1
"Gambia, The",2011,0,0,1
"Gambia, The",2012,0,0,1
"Gambia, The",2013,0,0,1
"Gambia, The",2014,0,0,1
"Gambia, The",2019,0,0,1
Georgia,1991,1,,0
Georgia,1992,1,,0
Georgia,1993,1,,0
Georgia,1994,1,,1
Georgia,1995,1,,1
Georgia,1996,0,,1
Georgia,1997,0,0,1
Georgia,1998,0,1,1
Georgia,1999,0,1,1
Georgia,2000,0,0,1
Georgia,2001,0,0,1
Georgia,2002,0,0,1
Georgia,2003,0,0,1
Georgia,2004,0,0,1
Georgia,2005,0,0,1
Georgia,2006,0,0,1
Germany,2008,1,0,0
Germany,2009,1,0,0
Ghana,1965,,0,1
Ghana,1966,,0,1
Ghana,1967,,1,1
Ghana,1968,,0,1
Ghana,1969,,0,1
Ghana,1970,0,0,1
Ghana,1971,0,1,1
Ghana,1972,0,0,1
Ghana,1973,0,0,1
Ghana,1974,0,0,1
Ghana,1975,0,0,1
Ghana,1976,0,0,1
Ghana,1977,0,0,1
Ghana,1978,0,1,0
Ghana,1979,0,0,1
Ghana,1982,1,0,1
Ghana,1983,1,1,0
Ghana,1984,0,1,0
Ghana,1986,0,1,0
Ghana,1987,0,1,1
Ghana,1988,0,0,1
Ghana,1989,0,0,1
Ghana,1990,0,0,1
Ghana,1991,0,0,1
Ghana,1992,0,1,1
Ghana,1993,0,1,1
Ghana,1994,0,0,1
Ghana,1995,0,0,1
Ghana,1996,0,1,1
Ghana,1998,0,0,1
Ghana,1999,0,1,1
Ghana,2000,0,1,1
Ghana,2001,0,0,1
Ghana,2002,0,0,1
Ghana,2003,0,0,1
Ghana,2004,0,0,1
Ghana,2009,0,1,0
Ghana,2014,0,1,0
Ghana,2015,0,0,1
Ghana,2016,0,0,1
Ghana,2017,0,0,1
Ghana,2018,0,0,1
Gibraltar,2008,0,1,0
Greece,1953,,1,
Greece,1960,,0,1
Greece,1961,,0,1
Greece,1962,,0,1
Greece,1963,,0,1
Greece,1964,,0,1
Greece,1965,,0,1
Greece,1981,0,1,0
Greece,1983,0,1,0
Greece,2008,1,0,0
Greece,2009,1,0,0
Greece,2010,1,0,0
Greece,2011,1,0,0
Greece,2012,1,0,1
Greece,2013,0,0,1
Greece,2018,0,0,1
Grenada,1984,0,0,1
Grenada,1985,0,0,1
Grenada,1986,0,0,1
Grenada,1987,0,0,1
Grenada,1988,0,0,1
Grenada,1989,0,0,1
Grenada,1990,0,0,1
Grenada,1991,0,0,1
Grenada,1992,0,0,1
Grenada,1993,0,0,1
Grenada,1994,0,0,1
Grenada,1995,0,0,1
Grenada,1996,0,0,1
Grenada,1997,0,0,1
Grenada,1998,0,0,1
Grenada,1999,0,0,1
Grenada,2000,0,0,1
Grenada,2001,0,0,1
Grenada,2002,0,0,1
Grenada,2003,0,0,1
Grenada,2004,0,0,1
Grenada,2005,0,0,1
Grenada,2006,0,0,1
Grenada,2007,0,0,1
Grenada,2008,0,0,1
Grenada,2009,0,0,1
Grenada,2010,0,0,1
Grenada,2011,0,0,1
Grenada,2012,0,0,1
Grenada,2013,0,0,1
Grenada,2014,0,0,1
Grenada,2015,0,0,1
Grenada,2016,0,0,1
Grenada,2017,0,0,1
Grenada,2018,0,0,1
Guatemala,1986,0,1,1
Guatemala,1987,0,0,1
Guatemala,1988,0,0,1
Guatemala,1989,0,0,1
Guatemala,1990,0,1,1
Guatemala,1991,0,0,1
Guatemala,1992,0,0,1
Guatemala,1993,0,0,1
Guatemala,1994,0,0,1
Guatemala,1995,0,0,1
Guatemala,1996,0,0,1
Guatemala,1997,0,0,1
Guatemala,1998,0,0,1
Guatemala,1999,0,0,1
Guatemala,2000,0,0,1
Guatemala,2001,0,0,1
Guatemala,2002,0,0,1
Guatemala,2003,0,0,1
Guatemala,2004,0,0,1
Guatemala,2005,0,0,1
Guatemala,2006,0,0,1
Guinea,1985,1,0,
Guinea,1986,0,1,1
Guinea,1987,0,0,1
Guinea,1988,0,0,1
Guinea,1989,0,0,1
Guinea,1990,0,0,1
Guinea,1991,0,0,1
Guinea,1992,0,0,1
Guinea,1993,1,0,1
Guinea,1994,0,0,1
Guinea,1995,0,0,1
Guinea,1996,0,0,1
Guinea,1997,0,0,1
Guinea,1998,0,0,1
Guinea,1999,0,1,1
Guinea,2000,0,0,1
Guinea,2001,0,0,1
Guinea,2002,0,0,1
Guinea,2003,0,0,1
Guinea,2004,0,0,1
Guinea,2005,0,1,1
Guinea,2006,0,0,1
Guinea,2007,0,0,1
Guinea,2008,0,0,1
Guinea,2009,0,0,1
Guinea,2010,0,0,1
Guinea,2011,0,0,1
Guinea,2012,0,0,1
Guinea,2013,0,0,1
Guinea,2014,0,0,1
Guinea,2015,0,0,1
Guinea,2016,0,0,1
Guinea,2017,0,0,1
Guinea,2018,0,0,1
Guinea-Bissau,1979,0,0,1
Guinea-Bissau,1980,0,0,1
Guinea-Bissau,1981,0,0,1
Guinea-Bissau,1982,0,0,1
Guinea-Bissau,1983,0,0,1
Guinea-Bissau,1984,0,0,1
Guinea-Bissau,1985,0,0,1
Guinea-Bissau,1986,0,0,1
Guinea-Bissau,1987,0,0,1
Guinea-Bissau,1988,0,0,1
Guinea-Bissau,1989,0,0,1
Guinea-Bissau,1990,0,0,1
Guinea-Bissau,1991,0,0,1
Guinea-Bissau,1992,0,0,1
Guinea-Bissau,1993,0,0,1
Guinea-Bissau,1994,0,1,1
Guinea-Bissau,1995,1,0,1
Guinea-Bissau,1996,1,0,1
Guinea-Bissau,1997,1,0,1
Guinea-Bissau,1998,1,0,1
Guinea-Bissau,1999,0,0,1
Guinea-Bissau,2000,0,0,1
Guinea-Bissau,2001,0,0,1
Guinea-Bissau,2002,0,0,1
Guinea-Bissau,2003,0,0,1
Guinea-Bissau,2004,0,0,1
Guinea-Bissau,2005,0,0,1
Guinea-Bissau,2006,0,0,1
Guinea-Bissau,2007,0,0,1
Guinea-Bissau,2008,0,0,1
Guinea-Bissau,2009,0,0,1
Guinea-Bissau,2010,0,0,1
Guinea-Bissau,2011,0,0,1
Guinea-Bissau,2012,0,0,1
Guinea-Bissau,2013,0,0,1
Guinea-Bissau,2014,1,0,1
Guinea-Bissau,2015,1,0,1
Guinea-Bissau,2016,1,0,1
Guinea-Bissau,2017,1,0,1
Guinea-Bissau,2018,0,0,1
Guyana,1976,0,0,1
Guyana,1977,0,0,1
Guyana,1978,0,0,1
Guyana,1979,0,0,1
Guyana,1980,0,0,1
Guyana,1981,0,0,1
Guyana,1982,0,0,1
Guyana,1983,0,0,1
Guyana,1984,0,1,1
Guyana,1985,0,0,1
Guyana,1986,0,0,1
Guyana,1987,0,1,1
Guyana,1988,0,0,1
Guyana,1989,0,1,1
Guyana,1990,0,0,1
Guyana,1991,0,1,1
Guyana,1992,0,0,1
Guyana,1993,1,0,1
Guyana,1994,0,0,1
Guyana,1995,0,0,1
Guyana,1996,0,0,1
Guyana,1997,0,0,1
Guyana,1998,0,0,1
Guyana,1999,0,0,1
Guyana,2000,0,0,1
Guyana,2001,0,0,1
Guyana,2002,0,0,1
Guyana,2003,0,0,1
Guyana,2004,0,0,1
Guyana,2005,0,0,1
Guyana,2006,0,0,1
Guyana,2007,0,0,1
Guyana,2008,0,0,1
Guyana,2009,0,0,1
Guyana,2010,0,0,1
Guyana,2011,0,0,1
Guyana,2012,0,0,1
Guyana,2013,0,0,1
Guyana,2014,0,0,1
Guyana,2015,0,0,1
Guyana,2016,0,0,1
Guyana,2017,0,0,1
Guyana,2018,0,0,1
Haiti,1963,,0,1
Haiti,1964,,0,1
Haiti,1965,,0,1
Haiti,1968,,0,1
Haiti,1969,,0,1
Haiti,1970,0,0,1
Haiti,1971,0,0,1
Haiti,1972,0,0,1
Haiti,1985,0,0,1
Haiti,1986,0,0,1
Haiti,1987,0,0,1
Haiti,1988,0,0,1
Haiti,1989,0,0,1
Haiti,1990,0,0,1
Haiti,1991,0,1,1
Haiti,1992,0,1,1
Haiti,1993,0,0,1
Haiti,1994,1,0,1
Haiti,1995,1,0,1
Haiti,1996,1,0,0
Haiti,1997,1,0,0
Haiti,1998,1,0,0
Haiti,2002,0,1,0
Haiti,2003,0,1,0
Haiti,2019,0,1,0
Honduras,1982,0,0,1
Honduras,1983,0,0,1
Honduras,1984,0,0,1
Honduras,1985,0,0,1
Honduras,1986,0,0,1
Honduras,1987,0,0,1
Honduras,1988,0,0,1
Honduras,1989,0,0,1
Honduras,1990,0,1,1
Honduras,1991,0,0,1
Honduras,1992,0,0,1
Honduras,1993,0,0,1
Honduras,1994,0,0,1
Honduras,1995,0,0,1
Honduras,1996,0,0,1
Honduras,1997,0,0,1
Honduras,1998,0,0,1
Honduras,1999,0,0,1
Honduras,2000,0,0,1
Honduras,2001,0,0,1
Honduras,2002,0,0,1
Honduras,2003,0,0,1
Honduras,2004,0,0,1
Honduras,2005,0,0,1
Honduras,2006,0,0,1
Honduras,2007,0,0,1
Hungary,1991,1,0,0
Hungary,1992,1,0,0
Hungary,1993,1,0,0
Hungary,1994,1,0,0
Hungary,1995,1,0,0
Hungary,2008,1,0,0
Hungary,2009,1,0,0
Hungary,2010,1,0,0
Hungary,2011,1,0,0
Hungary,2012,1,0,0
Iceland,1960,,1,0
Iceland,1967,,1,0
Iceland,1968,,1,0
Iceland,1974,0,1,0
Iceland,1975,0,1,0
Iceland,1978,0,1,0
Iceland,1980,0,1,0
Iceland,1981,0,1,0
Iceland,1982,0,1,0
Iceland,1983,0,1,0
Iceland,1989,0,1,0
Iceland,2008,1,1,0
Iceland,2009,1,0,0
Iceland,2010,1,0,0
Iceland,2011,1,0,0
Iceland,2012,1,0,0
India,1966,,1,0
India,1991,0,1,0
India,1993,1,0,0
Indonesia,1966,,,1
Indonesia,1967,,,1
Indonesia,1968,,,1
Indonesia,1969,,0,1
Indonesia,1970,0,0,1
Indonesia,1978,0,1,0
Indonesia,1979,0,1,0
Indonesia,1983,0,1,0
Indonesia,1986,0,1,0
Indonesia,1997,1,1,0
Indonesia,1998,1,1,1
Indonesia,1999,1,0,1
Indonesia,2000,1,1,1
Indonesia,2001,1,0,1
Indonesia,2002,0,0,1
"Iran, Islamic Rep.",1955,,1,
"Iran, Islamic Rep.",1957,,1,
"Iran, Islamic Rep.",1987,0,0,1
"Iran, Islamic Rep.",1988,0,0,1
"Iran, Islamic Rep.",1989,0,0,1
"Iran, Islamic Rep.",1990,0,0,1
"Iran, Islamic Rep.",1991,0,0,1
"Iran, Islamic Rep.",1993,0,1,0
"Iran, Islamic Rep.",2013,0,1,0
Iraq,1988,0,0,1
Iraq,1989,0,0,1
Iraq,1990,0,0,1
Iraq,1991,0,0,1
Iraq,1992,0,0,1
Iraq,1993,0,0,1
Iraq,1994,0,0,1
Iraq,1995,0,0,1
Iraq,1996,0,0,1
Iraq,1997,0,0,1
Iraq,1998,0,0,1
Iraq,1999,0,0,1
Iraq,2000,0,0,1
Iraq,2001,0,0,1
Iraq,2002,0,0,1
Iraq,2003,0,0,1
Iraq,2004,0,0,1
Iraq,2005,0,0,1
Iraq,2006,0,0,1
Iraq,2007,0,0,1
Iraq,2008,0,0,1
Iraq,2009,0,0,1
Iraq,2010,0,0,1
Iraq,2011,0,0,1
Iraq,2012,0,0,1
Iraq,2013,0,0,1
Iraq,2014,0,0,1
Iraq,2015,0,0,1
Iraq,2016,0,0,1
Iraq,2017,0,0,1
Iraq,2018,0,0,1
Iraq,2019,0,0,1
Ireland,2008,1,0,0
Ireland,2009,1,0,0
Ireland,2010,1,0,0
Ireland,2011,1,0,0
Ireland,2012,1,0,0
Ireland,2013,0,0,1
Israel,1953,,1,
Israel,1962,,1,0
Israel,1974,0,1,0
Israel,1975,0,1,0
Israel,1977,0,1,0
Israel,1978,0,1,0
Israel,1979,0,1,0
Israel,1980,0,1,0
Israel,1981,0,1,0
Israel,1983,1,1,0
Israel,1984,1,1,0
Israel,1985,1,0,0
Israel,1986,1,0,0
Italy,1981,0,1,0
Italy,2008,1,0,0
Italy,2009,1,0,0
Jamaica,1978,0,1,1
Jamaica,1979,0,0,1
Jamaica,1980,0,0,1
Jamaica,1981,0,0,1
Jamaica,1982,0,0,1
Jamaica,1983,0,1,1
Jamaica,1984,0,1,1
Jamaica,1985,0,0,1
Jamaica,1986,0,0,1
Jamaica,1987,0,0,1
Jamaica,1988,0,0,1
Jamaica,1989,0,0,1
Jamaica,1990,0,0,1
Jamaica,1991,0,1,1
Jamaica,1992,0,1,1
Jamaica,1993,0,1,1
Jamaica,1994,0,1,1
Jamaica,1995,0,0,1
Jamaica,1996,1,0,1
Jamaica,1997,1,0,1
Jamaica,1998,1,0,1
Jamaica,1999,0,0,1
Jamaica,2000,0,0,1
Jamaica,2001,0,0,1
Jamaica,2002,0,0,1
Jamaica,2003,0,0,1
Jamaica,2004,0,0,1
Jamaica,2005,0,0,1
Jamaica,2006,0,0,1
Jamaica,2007,0,0,1
Jamaica,2008,0,0,1
Jamaica,2009,0,0,1
Jamaica,2010,0,0,1
Jamaica,2011,0,0,1
Jamaica,2012,0,0,1
Jamaica,2013,0,0,1
Japan,1997,1,0,0
Japan,1998,1,0,0
Japan,1999,1,0,0
Japan,2000,1,0,0
Japan,2001,1,0,0
Jordan,1988,0,1,1
Jordan,1989,1,1,1
Jordan,1990,1,0,1
Jordan,1991,1,0,1
Jordan,1992,0,0,1
Jordan,1993,0,0,1
Jordan,1994,0,0,1
Jordan,1995,0,0,1
Jordan,1996,0,0,1
Jordan,1997,0,0,1
Jordan,1998,0,0,1
Jordan,1999,0,0,1
Jordan,2000,0,0,1
Jordan,2001,0,0,1
Jordan,2002,0,0,1
Jordan,2003,0,0,1
Jordan,2004,0,0,1
Jordan,2005,0,0,1
Jordan,2006,0,0,1
Jordan,2007,0,0,1
Jordan,2008,0,0,1
Kazakhstan,1999,0,1,0
Kazakhstan,2008,1,0,0
Kazakhstan,2015,0,1,0
Kazakhstan,2016,0,1,0
Kenya,1981,0,1,0
Kenya,1985,1,0,0
Kenya,1989,0,0,1
Kenya,1990,0,0,1
Kenya,1991,0,0,1
Kenya,1992,1,0,1
Kenya,1993,1,1,1
Kenya,1994,1,0,1
Kenya,1998,0,0,1
Kenya,1999,0,0,1
Kenya,2000,0,0,1
Kenya,2001,0,0,1
Kenya,2002,0,0,1
Kenya,2004,0,0,1
Kenya,2005,0,0,1
Kenya,2006,0,0,1
Kenya,2007,0,0,1
"Korea, Rep.",1951,,1,
"Korea, Rep.",1953,,1,
"Korea, Rep.",1955,,1,
"Korea, Rep.",1960,,1,0
"Korea, Rep.",1961,,1,0
"Korea, Rep.",1964,,1,0
"Korea, Rep.",1980,0,1,0
"Korea, Rep.",1997,1,1,0
"Korea, Rep.",1998,1,1,0
Kuwait,1982,1,0,0
Kuwait,1983,1,0,0
Kuwait,1984,1,0,0
Kuwait,1985,1,0,0
Kyrgyz Republic,1994,0,,1
Kyrgyz Republic,1995,1,0,1
Kyrgyz Republic,1996,1,1,1
Kyrgyz Republic,1997,1,1,0
Kyrgyz Republic,1998,1,1,0
Kyrgyz Republic,1999,1,1,1
Kyrgyz Republic,2000,0,0,1
Kyrgyz Republic,2001,0,0,1
Kyrgyz Republic,2002,0,0,1
Kyrgyz Republic,2003,0,0,1
Kyrgyz Republic,2004,0,0,1
Kyrgyz Republic,2005,0,0,1
Lao PDR,1959,,1,
Lao PDR,1964,,1,0
Lao PDR,1972,0,1,0
Lao PDR,1978,0,1,0
Lao PDR,1981,0,1,0
Lao PDR,1985,0,1,0
Lao PDR,1986,0,1,0
Lao PDR,1987,0,1,0
Lao PDR,1988,0,1,0
Lao PDR,1989,0,1,0
Lao PDR,1991,0,0,1
Lao PDR,1997,0,1,0
Lao PDR,1998,0,1,0
Lao PDR,1999,0,1,0
Lao PDR,2003,0,0,1
Latvia,1995,1,0,0
Latvia,1996,1,0,0
Latvia,2008,1,0,0
Latvia,2009,1,0,0
Latvia,2010,1,0,0
Latvia,2011,1,0,0
Latvia,2012,1,0,0
Lebanon,1983,0,1,0
Lebanon,1984,0,1,0
Lebanon,1985,0,1,1
Lebanon,1986,0,1,1
Lebanon,1987,0,1,1
Lebanon,1988,0,0,1
Lebanon,1989,0,0,1
Lebanon,1990,1,1,1
Lebanon,1991,1,0,1
Lebanon,1992,1,1,1
Lebanon,1993,1,0,0
Lesotho,1984,0,1,0
Lesotho,1985,0,1,0
Lesotho,2001,0,1,0
Lesotho,2008,0,1,0
Lesotho,2015,0,1,0
Liberia,1963,,0,1
Liberia,1968,,0,1
Liberia,1969,,0,1
Liberia,1980,0,0,1
Liberia,1981,0,0,1
Liberia,1982,0,0,1
Liberia,1983,0,0,1
Liberia,1984,0,0,1
Liberia,1985,0,0,1
Liberia,1986,0,0,1
Liberia,1987,0,0,1
Liberia,1988,0,0,1
Liberia,1989,0,0,1
Liberia,1990,0,0,1
Liberia,1991,1,0,1
Liberia,1992,1,0,1
Liberia,1993,1,1,1
Liberia,1994,1,0,1
Liberia,1995,1,0,1
Liberia,1996,0,0,1
Liberia,1997,0,0,1
Liberia,1998,0,0,1
Liberia,1999,0,0,1
Liberia,2000,0,0,1
Liberia,2001,0,0,1
Liberia,2002,0,1,1
Liberia,2003,0,0,1
Liberia,2004,0,0,1
Liberia,2005,0,0,1
Liberia,2006,0,0,1
Liberia,2007,0,0,1
Liberia,2008,0,0,1
Liberia,2009,0,0,1
Liberia,2010,0,0,1
Liberia,2011,0,0,1
Liberia,2012,0,0,1
Liberia,2013,0,0,1
Liberia,2014,0,0,1
Liberia,2015,0,0,1
Liberia,2016,0,0,1
Liberia,2017,0,0,1
Liberia,2018,0,0,1
Liberia,2019,0,0,1
Libya,1994,0,1,
Libya,2002,0,1,
Libya,2011,0,0,1
Libya,2012,0,0,1
Libya,2013,0,0,1
Libya,2014,0,0,1
Libya,2015,0,0,1
Libya,2016,0,0,1
Libya,2017,0,0,1
Libya,2018,0,0,1
Libya,2019,0,0,1
Lithuania,1995,1,0,0
Lithuania,1996,1,0,0
Luxembourg,2008,1,0,0
Luxembourg,2009,1,0,0
Luxembourg,2010,1,0,0
Luxembourg,2011,1,0,0
Luxembourg,2012,1,0,0
Madagascar,1981,0,0,1
Madagascar,1982,0,0,1
Madagascar,1983,0,0,1
Madagascar,1984,0,0,1
Madagascar,1985,0,0,1
Madagascar,1986,0,0,1
Madagascar,1987,0,1,1
Madagascar,1988,1,0,1
Madagascar,1989,0,0,1
Madagascar,1990,0,0,1
Madagascar,1991,0,0,1
Madagascar,1992,0,0,1
Madagascar,1993,0,0,1
Madagascar,1994,0,1,1
Madagascar,1995,0,0,1
Madagascar,1996,0,0,1
Madagascar,1997,0,0,1
Madagascar,1998,0,0,1
Madagascar,1999,0,0,1
Madagascar,2000,0,0,1
Madagascar,2001,0,0,1
Madagascar,2002,0,0,1
Madagascar,2003,0,0,1
Madagascar,2004,0,1,1
Madagascar,2005,0,0,1
Madagascar,2006,0,0,1
Madagascar,2007,0,0,1
Madagascar,2008,0,0,1
Madagascar,2009,0,0,1
Madagascar,2010,0,0,1
Madagascar,2011,0,0,1
Madagascar,2012,0,0,1
Madagascar,2013,0,0,1
Madagascar,2014,0,0,1
Madagascar,2015,0,0,1
Madagascar,2016,0,0,1
Malawi,1982,0,0,1
Malawi,1983,0,0,1
Malawi,1987,0,0,1
Malawi,1988,0,0,1
Malawi,1989,0,0,1
Malawi,1990,0,0,1
Malawi,1992,0,1,0
Malawi,1994,0,1,0
Malawi,1997,0,1,0
Malawi,1998,0,1,1
Malawi,1999,0,0,1
Malawi,2000,0,1,1
Malawi,2001,0,0,1
Malawi,2002,0,0,1
Malawi,2003,0,0,1
Malawi,2004,0,0,1
Malawi,2005,0,0,1
Malawi,2006,0,0,1
Malawi,2012,0,1,0
Malawi,2015,0,1,0
Malawi,2016,0,1,0
Malaysia,1997,1,1,0
Malaysia,1998,1,1,0
Malaysia,1999,1,0,0
Maldives,1975,0,1,0
Mali,1964,,0,1
Mali,1970,0,0,1
Mali,1971,0,0,1
Mali,1972,0,0,1
Mali,1973,0,0,1
Mali,1974,0,0,1
Mali,1975,0,0,1
Mali,1976,0,0,1
Mali,1977,0,0,1
Mali,1978,0,0,1
Mali,1979,0,0,1
Mali,1980,0,0,1
Mali,1983,0,0,1
Mali,1984,0,0,1
Mali,1985,0,0,1
Mali,1986,0,0,1
Mali,1987,1,0,1
Mali,1988,1,0,1
Mali,1989,1,0,1
Mali,1990,1,0,1
Mali,1991,1,0,1
Mali,1992,0,0,1
Mali,1993,0,0,1
Mali,1994,0,1,1
Mali,1995,0,0,1
Mali,1996,0,0,1
Mali,1997,0,0,1
Mali,1998,0,0,1
Mali,1999,0,0,1
Mali,2000,0,0,1
Mali,2001,0,0,1
Mali,2002,0,0,1
Mali,2003,0,0,1
Mali,2004,0,0,1
Mali,2005,0,0,1
Mali,2006,0,0,1
Mali,2015,0,0,1
Mali,2016,0,0,1
Mali,2017,0,0,1
Mauritania,1978,0,0,1
Mauritania,1979,0,0,1
Mauritania,1980,0,0,1
Mauritania,1981,0,0,1
Mauritania,1982,0,0,1
Mauritania,1983,0,0,1
Mauritania,1984,1,0,1
Mauritania,1985,0,0,1
Mauritania,1986,0,0,1
Mauritania,1987,0,0,1
Mauritania,1988,0,0,1
Mauritania,1989,0,0,1
Mauritania,1990,0,0,1
Mauritania,1991,0,0,1
Mauritania,1992,0,1,1
Mauritania,1993,0,1,1
Mauritania,1994,0,0,1
Mauritania,1995,0,0,1
Mauritania,1996,0,0,1
Mauritania,1997,0,0,1
Mauritania,1998,0,0,1
Mauritania,1999,0,0,1
Mauritania,2000,0,0,1
Mauritania,2001,0,0,1
Mauritania,2002,0,0,1
Mauritania,2003,0,0,1
Mauritania,2004,0,0,1
Mauritania,2005,0,0,1
Mauritania,2006,0,0,1
Mauritania,2007,0,0,1
Mauritania,2008,0,0,1
Mauritania,2009,0,0,1
Mauritania,2010,0,0,1
Mauritania,2011,0,0,1
Mauritania,2012,0,0,1
Mauritania,2013,0,0,1
Mauritania,2014,0,0,1
Mauritania,2015,0,0,1
Mauritania,2016,0,0,1
Mauritania,2017,0,0,1
Mauritania,2018,0,0,1
Mauritania,2019,0,0,1
Mauritius,1981,0,1,0
Mexico,1954,,1,
Mexico,1976,0,1,0
Mexico,1977,0,1,0
Mexico,1981,1,0,0
Mexico,1982,1,1,1
Mexico,1983,1,0,1
Mexico,1984,1,0,1
Mexico,1985,1,1,1
Mexico,1986,0,1,1
Mexico,1987,0,0,1
Mexico,1988,0,0,1
Mexico,1989,0,0,1
Mexico,1990,0,0,1
Mexico,1994,1,1,0
Mexico,1995,1,1,0
Mexico,1996,1,0,0
Moldova,1996,0,0,1
Moldova,1998,0,1,1
Moldova,1999,0,1,1
Moldova,2000,0,0,1
Moldova,2001,0,0,1
Moldova,2002,0,0,1
Moldova,2003,0,0,1
Moldova,2004,0,0,1
Moldova,2005,0,0,1
Moldova,2006,0,0,1
Moldova,2007,0,0,1
Moldova,2008,0,0,1
Moldova,2009,0,0,1
Moldova,2010,0,0,1
Moldova,2011,0,0,1
Moldova,2012,0,0,1
Moldova,2013,0,0,1
Moldova,2014,1,0,1
Moldova,2015,1,1,1
Moldova,2016,1,0,1
Moldova,2017,1,0,1
Moldova,2018,1,0,1
Monaco,1998,0,1,0
Monaco,1999,0,1,0
Monaco,2015,0,1,0
Mongolia,1993,0,1,0
Mongolia,1996,0,1,0
Mongolia,1997,0,1,1
Mongolia,1998,0,0,1
Mongolia,1999,0,0,1
Mongolia,2000,0,0,1
Mongolia,2001,0,0,1
Mongolia,2002,0,0,1
Mongolia,2003,0,0,1
Mongolia,2004,0,0,1
Mongolia,2008,1,0,0
Mongolia,2009,1,0,0
Morocco,1980,1,0,0
Morocco,1981,1,1,0
Morocco,1982,1,0,0
Morocco,1983,1,0,1
Morocco,1984,1,0,1
Morocco,1985,0,0,1
Morocco,1986,0,0,1
Morocco,1987,0,0,1
Morocco,1988,0,0,1
Morocco,1989,0,0,1
Morocco,1990,0,0,1
Morocco,1991,0,0,1
Morocco,1992,0,0,1
Morocco,1999,0,0,1
Morocco,2000,0,0,1
Morocco,2001,0,0,1
Morocco,2002,0,0,1
Mozambique,1980,0,0,1
Mozambique,1984,0,0,1
Mozambique,1985,0,0,1
Mozambique,1986,0,0,1
Mozambique,1987,1,1,1
Mozambique,1988,1,0,1
Mozambique,1989,1,0,1
Mozambique,1990,1,0,1
Mozambique,1991,1,1,1
Mozambique,1992,0,1,1
Mozambique,1993,0,1,1
Mozambique,1994,0,0,1
Mozambique,1995,0,1,1
Mozambique,1996,0,0,1
Mozambique,1997,0,0,1
Mozambique,1998,0,0,1
Mozambique,1999,0,0,1
Mozambique,2000,0,0,1
Mozambique,2001,0,1,1
Mozambique,2002,0,0,1
Mozambique,2003,0,0,1
Mozambique,2004,0,0,1
Mozambique,2005,0,0,1
Mozambique,2006,0,0,1
Mozambique,2007,0,0,1
Mozambique,2008,0,0,1
Mozambique,2009,0,0,1
Mozambique,2010,0,0,1
Mozambique,2011,0,0,1
Mozambique,2012,0,0,1
Mozambique,2013,0,0,1
Mozambique,2014,0,0,1
Mozambique,2015,0,1,1
Mozambique,2016,0,1,1
Mozambique,2017,0,0,1
Mozambique,2018,0,0,1
Myanmar,1975,0,1,
Myanmar,2000,0,0,1
Myanmar,2001,0,0,1
Myanmar,2002,0,0,1
Myanmar,2003,0,0,1
Myanmar,2004,0,0,1
Myanmar,2005,0,0,1
Myanmar,2006,0,0,1
Myanmar,2007,0,0,1
Myanmar,2008,0,0,1
Myanmar,2009,0,0,1
Myanmar,2010,0,0,1
Myanmar,2011,0,0,1
Myanmar,2012,0,1,1
Myanmar,2013,0,0,1
Myanmar,2014,0,0,1
Myanmar,2015,0,0,1
Myanmar,2016,0,0,1
Myanmar,2017,0,0,1
Myanmar,2018,0,0,1
Namibia,1984,0,1,0
Namibia,1985,0,1,0
Namibia,2001,0,1,0
Namibia,2008,0,1,0
Namibia,2015,0,1,0
Nauru,1994,,0,1
Nauru,1995,,0,1
Nauru,1996,,0,1
Nauru,1997,,0,1
Nauru,1998,,0,1
Nauru,1999,,0,1
Nauru,2000,,0,1
Nauru,2001,,0,1
Nauru,2002,,0,1
Nauru,2003,,0,1
Nauru,2004,,0,1
Nauru,2005,,0,1
Nauru,2006,,0,1
Nauru,2007,,0,1
Nauru,2008,,0,1
Nauru,2009,,0,1
Nauru,2010,,0,1
Nauru,2011,,0,1
Nauru,2012,,0,1
Nauru,2013,,0,1
Nauru,2014,,0,1
Nauru,2015,,0,1
Nauru,2016,,0,1
Nauru,2017,,0,1
Nauru,2018,,0,1
Nauru,2019,,0,1
Nepal,1967,,1,0
Nepal,1988,1,0,0
Nepal,1991,0,1,0
Netherlands,2008,1,0,0
Netherlands,2009,1,0,0
New Caledonia,1958,,1,
New Caledonia,1959,,1,
New Zealand,1984,0,1,0
New Zealand,2008,0,1,0
Nicaragua,1978,0,0,1
Nicaragua,1979,0,1,1
Nicaragua,1980,0,0,1
Nicaragua,1981,0,0,1
Nicaragua,1982,0,0,1
Nicaragua,1983,0,0,1
Nicaragua,1984,0,0,1
Nicaragua,1985,0,1,1
Nicaragua,1986,0,0,1
Nicaragua,1987,0,0,1
Nicaragua,1988,0,1,1
Nicaragua,1989,0,0,1
Nicaragua,1990,1,1,1
Nicaragua,1991,1,0,1
Nicaragua,1992,1,0,1
Nicaragua,1993,1,0,1
Nicaragua,1994,0,0,1
Nicaragua,1995,0,0,1
Nicaragua,1996,0,0,1
Nicaragua,1997,0,0,1
Nicaragua,1998,0,0,1
Nicaragua,1999,0,0,1
Nicaragua,2000,1,0,1
Nicaragua,2001,1,0,1
Nicaragua,2002,0,0,1
Nicaragua,2003,0,0,1
Nicaragua,2004,0,0,1
Nicaragua,2005,0,0,1
Nicaragua,2006,0,0,1
Nicaragua,2007,0,0,1
Nicaragua,2008,0,0,1
Nicaragua,2009,0,0,1
Nicaragua,2010,0,0,1
Nicaragua,2011,0,0,1
Nicaragua,2012,0,0,1
Nicaragua,2013,0,0,1
Nicaragua,2014,0,0,1
Nicaragua,2015,0,0,1
Nicaragua,2016,0,0,1
Nicaragua,2017,0,0,1
Nicaragua,2018,0,0,1
Niger,1983,1,0,1
Niger,1984,1,0,1
Niger,1985,1,0,1
Niger,1986,0,0,1
Niger,1987,0,0,1
Niger,1988,0,0,1
Niger,1989,0,0,1
Niger,1990,0,0,1
Niger,1991,0,0,1
Niger,1992,0,0,1
Niger,1993,0,0,1
Niger,1994,0,1,1
Niger,1995,0,0,1
Niger,1996,0,0,1
Niger,1997,0,0,1
Niger,1998,0,0,1
Niger,1999,0,0,1
Niger,2000,0,0,1
Niger,2001,0,0,1
Niger,2002,0,0,1
Niger,2003,0,0,1
Niger,2004,0,0,1
Niger,2005,0,0,1
Niger,2006,0,0,1
Niger,2007,0,0,1
Niger,2008,0,0,1
Niger,2009,0,0,1
Niger,2010,0,0,1
Niger,2011,0,0,1
Niger,2012,0,0,1
Niger,2013,0,0,1
Niger,2014,0,0,1
Niger,2016,0,0,1
Niger,2017,0,0,1
Niger,2018,0,0,1
Nigeria,1967,,0,1
Nigeria,1982,0,0,1
Nigeria,1983,0,0,1
Nigeria,1984,0,0,1
Nigeria,1985,0,0,1
Nigeria,1986,0,1,1
Nigeria,1987,0,1,1
Nigeria,1988,0,0,1
Nigeria,1989,0,1,1
Nigeria,1990,0,0,1
Nigeria,1991,1,0,1
Nigeria,1992,1,1,1
Nigeria,1993,1,0,1
Nigeria,1994,1,0,1
Nigeria,1995,1,0,1
Nigeria,1996,0,0,1
Nigeria,1997,0,0,1
Nigeria,1998,0,0,1
Nigeria,1999,0,1,1
Nigeria,2000,0,0,1
Nigeria,2001,0,0,1
Nigeria,2002,0,0,1
Nigeria,2003,0,0,1
Nigeria,2004,0,0,1
Nigeria,2005,0,0,1
Nigeria,2006,0,0,1
Nigeria,2009,1,0,0
Nigeria,2010,1,0,0
Nigeria,2011,1,0,0
Nigeria,2012,1,0,0
Nigeria,2016,0,1,0
North Macedonia,1992,0,,1
North Macedonia,1993,1,,1
North Macedonia,1994,1,,1
North Macedonia,1995,1,0,1
North Macedonia,1996,0,0,1
North Macedonia,1997,0,1,1
Norway,1991,1,0,0
Norway,1992,1,0,0
Norway,1993,1,0,0
Pakistan,1955,,1,
Pakistan,1972,0,1,1
Pakistan,1973,0,0,1
Pakistan,1974,0,0,1
Pakistan,1975,0,0,1
Pakistan,1976,0,0,1
Pakistan,1977,0,0,1
Pakistan,1978,0,0,1
Pakistan,1998,0,0,1
Pakistan,1999,0,0,1
Pakistan,2000,0,0,1
Pakistan,2001,0,0,1
Pakistan,2002,0,0,1
Panama,1983,0,0,1
Panama,1984,0,0,1
Panama,1985,0,0,1
Panama,1986,0,0,1
Panama,1987,0,0,1
Panama,1988,1,0,1
Panama,1989,1,0,1
Panama,1990,0,0,1
Panama,1991,0,0,1
Panama,1992,0,0,1
Panama,1993,0,0,1
Panama,1994,0,0,1
Panama,1995,0,0,1
Panama,1996,0,0,1
Panama,1997,0,0,1
Panama,1998,0,0,1
Panama,1999,0,0,1
Panama,2000,0,0,1
Panama,2001,0,0,1
Panama,2002,0,0,1
Panama,2003,0,0,1
Papua New Guinea,1997,0,1,0
Papua New Guinea,1998,0,1,0
Papua New Guinea,2016,0,0,1
Papua New Guinea,2017,0,0,1
Papua New Guinea,2018,0,0,1
Paraguay,1952,,1,
Paraguay,1953,,1,
Paraguay,1955,,1,
Paraguay,1956,,1,
Paraguay,1984,0,1,0
Paraguay,1985,0,0,1
Paraguay,1986,0,1,1
Paraguay,1987,0,1,1
Paraguay,1988,0,0,1
Paraguay,1989,0,1,1
Paraguay,1990,0,0,1
Paraguay,1991,0,0,1
Paraguay,1992,0,0,1
Paraguay,1993,0,0,1
Paraguay,1994,0,0,1
Paraguay,1995,1,0,0
Paraguay,2001,0,1,0
Paraguay,2002,0,1,0
Peru,1967,,1,0
Peru,1968,,0,1
Peru,1969,,0,1
Peru,1970,0,0,1
Peru,1976,0,1,0
Peru,1977,0,1,0
Peru,1978,0,1,1
Peru,1979,0,0,1
Peru,1980,0,0,1
Peru,1981,0,1,0
Peru,1982,0,1,0
Peru,1983,1,1,1
Peru,1984,0,1,1
Peru,1985,0,1,1
Peru,1986,0,0,1
Peru,1987,0,1,1
Peru,1988,0,1,1
Peru,1989,0,1,1
Peru,1990,0,1,1
Peru,1991,0,0,1
Peru,1992,0,0,1
Peru,1993,0,0,1
Peru,1994,0,0,1
Peru,1995,0,0,1
Peru,1996,0,0,1
Peru,1997,0,0,1
Peru,1998,0,0,1
Philippines,1962,,1,0
Philippines,1970,0,1,0
Philippines,1983,1,1,1
Philippines,1984,1,1,1
Philippines,1985,1,0,1
Philippines,1986,1,0,1
Philippines,1987,0,0,1
Philippines,1988,0,0,1
Philippines,1989,0,0,1
Philippines,1990,0,0,1
Philippines,1991,0,0,1
Philippines,1992,0,0,1
Philippines,1997,1,1,0
Philippines,1998,1,1,0
Philippines,1999,1,0,0
Philippines,2000,1,0,0
Philippines,2001,1,0,0
Poland,1978,0,1,0
Poland,1979,0,1,0
Poland,1980,0,1,0
Poland,1981,0,0,1
Poland,1982,0,1,1
Poland,1983,0,0,1
Poland,1984,0,0,1
Poland,1985,0,0,1
Poland,1986,0,1,1
Poland,1987,0,1,1
Poland,1988,0,1,1
Poland,1989,0,1,1
Poland,1990,0,1,1
Poland,1991,0,0,1
Poland,1992,1,1,1
Poland,1993,1,0,1
Poland,1994,1,0,1
Puerto Rico,2016,,,1
Puerto Rico,2017,,,1
Puerto Rico,2018,,,1
Puerto Rico,2019,,,1
Portugal,1982,0,1,0
Portugal,1983,0,1,0
Portugal,2008,1,0,0
Portugal,2009,1,0,0
Portugal,2010,1,0,0
Portugal,2011,1,0,0
Portugal,2012,1,0,0
Portugal,2013,0,0,1
Romania,1973,0,1,
Romania,1990,0,1,0
Romania,1991,0,1,0
Romania,1992,0,1,0
Romania,1993,0,1,0
Romania,1996,0,1,0
Romania,1997,1,1,0
Romania,1998,1,0,0
Romania,1999,0,1,0
Russian Federation,1991,0,,1
Russian Federation,1992,0,,1
Russian Federation,1993,0,,1
Russian Federation,1994,0,0,1
Russian Federation,1995,0,0,1
Russian Federation,1996,0,0,1
Russian Federation,1997,0,0,1
Russian Federation,1998,1,1,1
Russian Federation,1999,0,1,1
Russian Federation,2000,0,0,1
Russian Federation,2001,0,0,1
Russian Federation,2002,0,0,1
Russian Federation,2003,0,0,1
Russian Federation,2004,0,0,1
Russian Federation,2008,1,0,0
Russian Federation,2009,1,0,0
Russian Federation,2014,0,1,0
Russian Federation,2015,0,1,0
Rwanda,1966,,1,0
Rwanda,1990,0,1,0
Rwanda,1991,0,1,0
Rwanda,1992,0,0,1
Rwanda,1993,0,0,1
Rwanda,1994,0,0,1
Rwanda,1995,0,1,1
Rwanda,1996,0,0,1
Rwanda,1997,0,0,1
Rwanda,1998,0,0,1
Rwanda,1999,0,0,1
Rwanda,2000,0,0,1
Rwanda,2001,0,0,1
Rwanda,2002,0,0,1
Rwanda,2003,0,0,1
Rwanda,2004,0,0,1
Rwanda,2005,0,0,1
Rwanda,2006,0,0,1
Rwanda,2007,0,0,1
Samoa,1982,0,0,1
Samoa,1983,0,1,1
Samoa,1984,0,0,1
Samoa,1985,0,0,1
San Marino,1981,0,1,0
Sao Tome and Principe,1985,0,0,1
Sao Tome and Principe,1986,0,0,1
Sao Tome and Principe,1987,0,1,1
Sao Tome and Principe,1988,0,1,1
Sao Tome and Principe,1989,0,0,1
Sao Tome and Principe,1990,0,0,1
Sao Tome and Principe,1991,0,1,1
Sao Tome and Principe,1992,1,0,1
Sao Tome and Principe,1993,0,0,1
Sao Tome and Principe,1994,0,1,1
Sao Tome and Principe,1995,0,1,1
Sao Tome and Principe,1996,0,1,1
Sao Tome and Principe,1997,0,1,1
Sao Tome and Principe,1998,0,0,1
Sao Tome and Principe,1999,0,0,1
Sao Tome and Principe,2000,0,0,1
Sao Tome and Principe,2001,0,0,1
Sao Tome and Principe,2002,0,0,1
Sao Tome and Principe,2003,0,0,1
Sao Tome and Principe,2004,0,0,1
Sao Tome and Principe,2005,0,0,1
Sao Tome and Principe,2006,0,0,1
Sao Tome and Principe,2007,0,0,1
Sao Tome and Principe,2008,0,0,1
Sao Tome and Principe,2009,0,0,1
Sao Tome and Principe,2010,0,0,1
Sao Tome and Principe,2011,0,0,1
Sao Tome and Principe,2012,0,0,1
Sao Tome and Principe,2013,0,0,1
Sao Tome and Principe,2014,0,0,1
Sao Tome and Principe,2015,0,0,1
Sao Tome and Principe,2016,0,0,1
Sao Tome and Principe,2017,0,0,1
Sao Tome and Principe,2018,0,0,1
Sao Tome and Principe,2019,0,0,1
Senegal,1981,0,0,1
Senegal,1982,0,0,1
Senegal,1983,0,0,1
Senegal,1984,0,0,1
Senegal,1985,0,0,1
Senegal,1986,0,0,1
Senegal,1987,0,0,1
Senegal,1988,1,0,0
Senegal,1989,1,0,1
Senegal,1990,1,0,1
Senegal,1991,1,0,1
Senegal,1992,0,0,1
Senegal,1993,0,0,1
Senegal,1994,0,1,1
Senegal,1995,0,0,1
Senegal,1996,0,0,1
Senegal,2006,0,0,1
Senegal,2007,0,0,1
Serbia,1995,0,,1
Serbia,1996,0,,1
Serbia,1997,0,,1
Serbia,1998,0,,1
Serbia,1999,0,0,1
Serbia,2000,0,1,1
Serbia,2001,0,0,1
Serbia,2002,0,0,1
Serbia,2003,0,0,1
Serbia,2004,0,0,1
Serbia,2005,0,0,1
Seychelles,1986,0,0,1
Seychelles,1987,0,0,1
Seychelles,1988,0,0,1
Seychelles,1989,0,0,1
Seychelles,1990,0,0,1
Seychelles,1991,0,0,1
Seychelles,1992,0,0,1
Seychelles,1993,0,0,1
Seychelles,1994,0,0,1
Seychelles,1995,0,0,1
Seychelles,1996,0,0,1
Seychelles,1997,0,0,1
Seychelles,1998,0,0,1
Seychelles,1999,0,0,1
Seychelles,2000,0,0,1
Seychelles,2001,0,0,1
Seychelles,2002,0,0,1
Seychelles,2003,0,0,1
Seychelles,2004,0,0,1
Seychelles,2005,0,0,1
Seychelles,2006,0,0,1
Seychelles,2007,0,1,1
Seychelles,2008,0,1,1
Seychelles,2009,0,0,1
Seychelles,2010,0,0,1
Seychelles,2011,0,0,1
Seychelles,2012,0,0,1
Seychelles,2013,0,0,1
Sierra Leone,1964,,1,0
Sierra Leone,1976,0,0,1
Sierra Leone,1977,0,0,1
Sierra Leone,1978,0,0,1
Sierra Leone,1979,0,0,1
Sierra Leone,1980,0,0,1
Sierra Leone,1981,0,0,1
Sierra Leone,1982,0,0,1
Sierra Leone,1983,0,1,1
Sierra Leone,1984,0,0,1
Sierra Leone,1985,0,1,1
Sierra Leone,1986,0,1,1
Sierra Leone,1987,0,0,1
Sierra Leone,1988,0,1,1
Sierra Leone,1989,0,1,1
Sierra Leone,1990,1,1,1
Sierra Leone,1991,1,0,1
Sierra Leone,1992,1,0,1
Sierra Leone,1993,1,0,1
Sierra Leone,1994,1,0,1
Sierra Leone,1995,0,1,1
Sierra Leone,1996,0,0,1
Sierra Leone,1997,0,1,1
Sierra Leone,1998,0,1,1
Sierra Leone,1999,0,1,1
Sierra Leone,2000,0,0,1
Sierra Leone,2001,0,0,1
Sierra Leone,2002,0,0,1
Sierra Leone,2003,0,0,1
Sierra Leone,2004,0,0,1
Sierra Leone,2005,0,0,1
Sierra Leone,2006,0,0,1
Sierra Leone,2007,0,0,1
Sierra Leone,2008,0,0,1
Sierra Leone,2009,0,0,1
Sierra Leone,2010,0,0,1
Sierra Leone,2011,0,0,1
Sierra Leone,2012,0,0,1
Sierra Leone,2013,0,0,1
Sierra Leone,2014,0,0,1
Sierra Leone,2015,0,0,1
Sierra Leone,2016,0,0,1
Sierra Leone,2017,0,0,1
Sierra Leone,2018,0,0,1
Sierra Leone,2019,0,0,1
Slovak Republic,1998,1,0,0
Slovak Republic,1999,1,0,0
Slovak Republic,2000,1,0,0
Slovak Republic,2001,1,0,0
Slovak Republic,2002,1,0,0
Slovenia,1992,1,,1
Slovenia,1993,0,0,1
Slovenia,1994,0,0,1
Slovenia,1995,0,0,1
Slovenia,1996,0,0,1
Slovenia,2008,1,0,0
Slovenia,2009,1,0,0
Slovenia,2010,1,0,0
Slovenia,2011,1,0,0
Slovenia,2012,1,0,0
Solomon Islands,1995,0,0,1
Solomon Islands,1996,0,0,1
Solomon Islands,1997,0,1,1
Solomon Islands,1998,0,0,1
Solomon Islands,1999,0,0,1
Solomon Islands,2000,0,0,1
Solomon Islands,2001,0,0,1
Solomon Islands,2002,0,1,1
Solomon Islands,2003,0,0,1
Solomon Islands,2004,0,0,1
Solomon Islands,2005,0,0,1
Solomon Islands,2006,0,0,1
Solomon Islands,2007,0,0,1
Solomon Islands,2008,0,0,1
Solomon Islands,2009,0,0,1
Solomon Islands,2010,0,0,1
Solomon Islands,2011,0,0,1
Somalia,1977,0,0,1
Somalia,1978,0,0,1
Somalia,1979,0,0,1
Somalia,1980,0,0,1
Somalia,1981,0,0,1
Somalia,1982,0,1,1
Somalia,1983,0,0,1
Somalia,1984,0,1,1
Somalia,1985,0,1,1
Somalia,1986,0,1,1
Somalia,1987,0,0,1
Somalia,1988,0,1,1
Somalia,1989,0,1,1
Somalia,1990,0,,1
Somalia,1991,0,,1
Somalia,1992,0,,1
Somalia,1993,0,,1
Somalia,1994,0,,1
Somalia,1995,0,,1
Somalia,1996,0,,1
Somalia,1997,0,,1
Somalia,1998,0,,1
Somalia,1999,0,,1
Somalia,2000,0,,1
Somalia,2001,0,,1
Somalia,2002,0,,1
Somalia,2003,0,,1
Somalia,2004,0,,1
Somalia,2005,0,,1
Somalia,2006,0,,1
Somalia,2007,0,,1
Somalia,2008,0,,1
Somalia,2009,0,,1
Somalia,2010,0,,1
Somalia,2011,0,0,1
Somalia,2012,0,0,1
Somalia,2013,0,0,1
Somalia,2014,0,0,1
Somalia,2015,0,0,1
Somalia,2016,0,0,1
Somalia,2017,0,0,1
Somalia,2018,0,,1
Somalia,2019,0,,1
South Africa,1984,0,1,0
South Africa,1985,0,1,1
South Africa,1986,0,0,1
South Africa,1987,0,0,1
South Africa,1989,0,0,1
South Africa,2001,0,1,0
South Africa,2008,0,1,0
South Africa,2015,0,1,0
South Sudan,2014,,0,1
South Sudan,2015,,1,1
South Sudan,2016,,1,1
South Sudan,2017,,0,1
South Sudan,2018,,0,1
South Sudan,2019,,0,1
Spain,1977,1,0,0
Spain,1978,1,0,0
Spain,1979,1,0,0
Spain,1980,1,0,0
Spain,1981,1,0,0
Spain,1983,0,1,0
Spain,2008,1,0,0
Spain,2009,1,0,0
Spain,2010,1,0,0
Spain,2011,1,0,0
Spain,2012,1,0,0
Sri Lanka,1977,0,1,0
Sri Lanka,1978,0,1,0
Sri Lanka,1989,1,0,0
Sri Lanka,1990,1,0,0
Sri Lanka,1991,1,0,0
Sri Lanka,1996,0,0,1
Sri Lanka,1997,0,0,1
Sri Lanka,1998,0,0,1
Sri Lanka,1999,0,0,1
Sri Lanka,2000,0,0,1
Sri Lanka,2001,0,0,1
Sri Lanka,2002,0,0,1
St. Kitts and Nevis,2011,0,0,1
St. Kitts and Nevis,2012,0,0,1
St. Vincent and the Grenadines,2002,0,0,1
St. Vincent and the Grenadines,2003,0,0,1
St. Vincent and the Grenadines,2004,0,0,1
St. Vincent and the Grenadines,2005,0,0,1
Sudan,1977,0,0,1
Sudan,1978,0,0,1
Sudan,1979,0,0,1
Sudan,1980,0,0,1
Sudan,1981,0,1,1
Sudan,1982,0,1,1
Sudan,1983,0,0,1
Sudan,1984,0,0,1
Sudan,1985,0,1,1
Sudan,1986,0,0,1
Sudan,1987,0,1,1
Sudan,1988,0,1,1
Sudan,1989,0,0,1
Sudan,1990,0,0,1
Sudan,1991,0,1,1
Sudan,1992,0,1,1
Sudan,1993,0,0,1
Sudan,1994,0,1,1
Sudan,1995,0,1,1
Sudan,1996,0,1,1
Sudan,1997,0,0,1
Sudan,1998,0,1,1
Sudan,1999,0,0,1
Sudan,2000,0,0,1
Sudan,2001,0,0,1
Sudan,2002,0,0,1
Sudan,2003,0,0,1
Sudan,2004,0,0,1
Sudan,2005,0,0,1
Sudan,2006,0,0,1
Sudan,2007,0,0,1
Sudan,2008,0,0,1
Sudan,2009,0,0,1
Sudan,2010,0,0,1
Sudan,2011,0,0,1
Sudan,2012,0,1,1
Sudan,2013,0,0,1
Sudan,2014,0,0,1
Sudan,2015,0,0,1
Sudan,2016,0,0,1
Sudan,2017,0,0,1
Sudan,2018,0,1,1
Sudan,2019,0,0,1
Suriname,1994,0,1,0
Suriname,1998,0,0,1
Suriname,1999,0,1,1
Suriname,2000,0,0,1
Suriname,2001,0,0,1
Suriname,2002,0,0,1
Suriname,2003,0,0,1
Suriname,2004,0,0,1
Suriname,2005,0,0,1
Suriname,2006,0,0,1
Suriname,2007,0,0,1
Suriname,2008,0,0,1
Suriname,2009,0,0,1
Suriname,2010,0,0,1
Suriname,2016,0,1,0
Sweden,1991,1,0,0
Sweden,1992,1,0,0
Sweden,1993,1,1,0
Sweden,1994,1,0,0
Sweden,1995,1,0,0
Sweden,2008,1,0,0
Sweden,2009,1,0,0
Switzerland,2008,1,0,0
Switzerland,2009,1,0,0
Syrian Arab Republic,1954,,1,
Syrian Arab Republic,1988,0,1,0
Syrian Arab Republic,1990,0,0,1
Syrian Arab Republic,1991,0,0,1
Syrian Arab Republic,1992,0,0,1
Syrian Arab Republic,1993,0,0,1
Syrian Arab Republic,1994,0,0,1
Syrian Arab Republic,1995,0,0,1
Syrian Arab Republic,1996,0,0,1
Syrian Arab Republic,1997,0,0,1
Syrian Arab Republic,1998,0,0,1
Syrian Arab Republic,1999,0,0,1
Syrian Arab Republic,2000,0,0,1
Syrian Arab Republic,2001,0,0,1
Syrian Arab Republic,2005,0,0,1
Syrian Arab Republic,2011,0,1,
Syrian Arab Republic,2013,0,1,
Syrian Arab Republic,2015,0,1,
Syrian Arab Republic,2016,0,1,
"Taiwan, China",1955,,1,
Tajikistan,1994,0,0,1
Tajikistan,1995,0,1,1
Tajikistan,1996,0,0,1
Tajikistan,1997,0,1,1
Tajikistan,1998,0,0,1
Tajikistan,1999,0,1,1
Tajikistan,2000,0,0,1
Tajikistan,2001,0,0,1
Tajikistan,2002,0,0,1
Tajikistan,2003,0,0,1
Tajikistan,2004,0,0,1
Tajikistan,2005,0,0,1
Tajikistan,2006,0,0,1
Tajikistan,2015,0,1,0
Tanzania,1978,0,0,1
Tanzania,1979,0,0,1
Tanzania,1980,0,0,1
Tanzania,1981,0,0,1
Tanzania,1982,0,0,1
Tanzania,1983,0,1,1
Tanzania,1984,0,1,1
Tanzania,1985,0,0,1
Tanzania,1986,0,1,1
Tanzania,1987,1,0,1
Tanzania,1988,1,0,1
Tanzania,1989,0,0,1
Tanzania,1990,0,0,1
Tanzania,1991,0,0,1
Tanzania,1992,0,1,1
Tanzania,1993,0,0,1
Tanzania,1994,0,0,1
Tanzania,1995,0,0,1
Tanzania,1996,0,0,1
Tanzania,1997,0,0,1
Tanzania,1998,0,0,1
Tanzania,1999,0,0,1
Tanzania,2000,0,0,1
Tanzania,2001,0,0,1
Tanzania,2002,0,0,1
Tanzania,2003,0,0,1
Tanzania,2004,0,0,1
Tanzania,2005,0,0,1
Tanzania,2006,0,0,1
Tanzania,2007,0,0,1
Tanzania,2008,0,0,1
Tanzania,2009,0,0,1
Tanzania,2010,0,0,1
Tanzania,2011,0,0,1
Tanzania,2012,0,0,1
Tanzania,2013,0,0,1
Tanzania,2014,0,0,1
Tanzania,2015,0,0,1
Tanzania,2016,0,0,1
Tanzania,2017,0,0,1
Tanzania,2018,0,0,1
Thailand,1983,1,0,0
Thailand,1997,1,1,0
Thailand,1998,1,0,0
Thailand,1999,1,0,0
Thailand,2000,1,0,0
Togo,1977,0,0,1
Togo,1978,0,0,1
Togo,1979,0,0,1
Togo,1980,0,0,1
Togo,1981,0,0,1
Togo,1982,0,0,1
Togo,1983,0,0,1
Togo,1984,0,0,1
Togo,1985,0,0,1
Togo,1986,0,0,1
Togo,1987,0,0,1
Togo,1988,0,0,1
Togo,1989,0,0,1
Togo,1990,0,0,1
Togo,1991,0,0,1
Togo,1992,0,0,1
Togo,1993,1,0,1
Togo,1994,1,1,1
Togo,1995,0,0,1
Togo,1996,0,0,1
Togo,1997,0,0,1
Togo,1998,0,0,1
Togo,1999,0,0,1
Togo,2000,0,0,1
Togo,2001,0,0,1
Togo,2002,0,0,1
Togo,2003,0,0,1
Togo,2004,0,0,1
Togo,2005,0,0,1
Togo,2006,0,0,1
Togo,2007,0,0,1
Togo,2008,0,0,1
Togo,2009,0,0,1
Togo,2010,0,0,1
Togo,2011,0,0,1
Tonga,2002,0,0,1
Tonga,2003,0,0,1
Tonga,2004,0,0,1
Tonga,2013,0,0,1
Tonga,2014,0,0,1
Tonga,2018,0,0,1
Trinidad and Tobago,1985,0,1,0
Trinidad and Tobago,1986,0,1,0
Trinidad and Tobago,1988,0,0,1
Trinidad and Tobago,1989,0,0,1
Trinidad and Tobago,1990,0,0,1
Trinidad and Tobago,1993,0,1,0
Tunisia,1991,1,0,0
Turkey,1958,,1,
Turkey,1959,,1,
Turkey,1970,0,1,0
Turkey,1978,0,1,1
Turkey,1979,0,1,1
Turkey,1980,0,1,1
Turkey,1982,1,0,0
Turkey,1983,1,1,0
Turkey,1984,1,1,0
Turkey,1988,0,1,0
Turkey,1991,0,1,0
Turkey,1994,0,1,0
Turkey,1996,0,1,0
Turkey,1997,0,1,0
Turkey,1999,0,1,1
Turkey,2000,1,0,0
Turkey,2001,1,1,0
Turkey,2008,0,1,0
Turkey,2018,0,1,0
Turkmenistan,1994,0,,1
Turkmenistan,1995,0,1,1
Turkmenistan,1996,0,1,1
Turkmenistan,1997,0,0,1
Turkmenistan,1998,0,0,1
Turkmenistan,1999,0,0,1
Turkmenistan,2000,0,0,1
Turkmenistan,2001,0,0,1
Turkmenistan,2002,0,,1
Uganda,1978,0,0,1
Uganda,1979,0,0,1
Uganda,1980,0,0,1
Uganda,1981,0,1,1
Uganda,1982,0,0,1
Uganda,1983,0,1,1
Uganda,1984,0,1,1
Uganda,1985,0,1,1
Uganda,1986,0,1,1
Uganda,1987,0,1,1
Uganda,1988,0,0,1
Uganda,1989,0,0,1
Uganda,1990,0,0,1
Uganda,1991,0,1,1
Uganda,1992,0,0,1
Uganda,1993,0,0,1
Uganda,1994,1,0,1
Uganda,1995,0,0,1
Uganda,1996,0,0,1
Uganda,1997,0,0,1
Uganda,1998,0,0,1
Uganda,1999,0,0,1
Uganda,2000,0,0,1
Uganda,2001,0,0,1
Uganda,2002,0,0,1
Uganda,2003,0,0,1
Uganda,2004,0,0,1
Uganda,2005,0,0,1
Uganda,2006,0,0,1
Ukraine,1998,1,1,1
Ukraine,1999,1,1,1
Ukraine,2000,0,0,1
Ukraine,2001,0,0,1
Ukraine,2002,0,0,1
Ukraine,2003,0,0,1
Ukraine,2008,1,1,0
Ukraine,2009,1,1,0
Ukraine,2010,1,0,0
Ukraine,2014,1,1,1
Ukraine,2015,1,1,1
Ukraine,2016,1,0,1
Ukraine,2017,1,0,1
Ukraine,2018,1,0,1
Ukraine,2019,0,0,1
United Kingdom,2007,1,0,0
United Kingdom,2008,1,0,0
United Kingdom,2009,1,0,0
United Kingdom,2010,1,0,0
United Kingdom,2011,1,0,0
United States,1988,1,0,0
United States,2007,1,0,0
United States,2008,1,0,0
United States,2009,1,0,0
United States,2010,1,0,0
United States,2011,1,0,0
Uruguay,1957,,1,
Uruguay,1963,,1,0
Uruguay,1965,,1,1
Uruguay,1967,,1,0
Uruguay,1968,,1,0
Uruguay,1972,0,1,0
Uruguay,1974,0,1,0
Uruguay,1975,0,1,0
Uruguay,1981,1,0,0
Uruguay,1982,1,1,0
Uruguay,1983,1,1,1
Uruguay,1984,1,1,1
Uruguay,1985,1,1,1
Uruguay,1986,0,0,1
Uruguay,1987,0,1,0
Uruguay,1988,0,1,1
Uruguay,1989,0,1,0
Uruguay,1990,0,1,1
Uruguay,1991,0,0,1
Uruguay,2002,1,1,0
Uruguay,2003,1,0,1
Uruguay,2004,1,0,0
Uruguay,2005,1,0,0
Uzbekistan,1996,0,1,0
Uzbekistan,1997,0,1,0
Uzbekistan,2000,0,1,0
Uzbekistan,2017,0,1,0
"Venezuela, RB",1964,,1,0
"Venezuela, RB",1983,0,0,1
"Venezuela, RB",1984,0,1,1
"Venezuela, RB",1985,0,0,1
"Venezuela, RB",1986,0,1,1
"Venezuela, RB",1987,0,1,1
"Venezuela, RB",1988,0,0,1
"Venezuela, RB",1989,0,1,1
"Venezuela, RB",1990,0,0,1
"Venezuela, RB",1992,0,0,1
"Venezuela, RB",1993,0,1,1
"Venezuela, RB",1994,1,1,1
"Venezuela, RB",1995,1,0,0
"Venezuela, RB",1996,1,1,0
"Venezuela, RB",1997,1,0,0
"Venezuela, RB",1998,1,0,0
"Venezuela, RB",2002,0,1,0
"Venezuela, RB",2011,0,1,0
"Venezuela, RB",2013,0,1,0
"Venezuela, RB",2016,0,1,
Vietnam,1962,,1,0
Vietnam,1966,,1,0
Vietnam,1972,0,1,0
Vietnam,1975,0,0,1
Vietnam,1978,0,0,1
Vietnam,1980,0,0,1
Vietnam,1981,0,1,1
Vietnam,1982,0,0,1
Vietnam,1983,0,0,1
Vietnam,1984,0,0,1
Vietnam,1985,0,1,1
Vietnam,1986,0,0,1
Vietnam,1987,0,1,1
Vietnam,1988,0,1,1
Vietnam,1989,0,1,1
Vietnam,1990,0,0,1
Vietnam,1991,0,0,1
Vietnam,1992,0,0,1
Vietnam,1993,0,0,1
Vietnam,1994,0,0,1
Vietnam,1995,0,0,1
Vietnam,1996,0,0,1
Vietnam,1997,1,0,1
Vietnam,1998,0,0,1
Vietnam,1999,0,0,1
Vietnam,2000,0,0,1
Vietnam,2001,0,0,1
Vietnam,2002,0,0,1
Vietnam,2003,0,0,1
Vietnam,2004,0,0,1
Vietnam,2005,0,0,1
"Yemen, Rep.",1990,0,,1
"Yemen, Rep.",1991,0,,1
"Yemen, Rep.",1992,0,0,1
"Yemen, Rep.",1993,0,0,1
"Yemen, Rep.",1994,0,0,1
"Yemen, Rep.",1995,0,1,1
"Yemen, Rep.",1996,1,0,1
"Yemen, Rep.",1997,0,0,1
"Yemen, Rep.",1998,0,0,1
"Yemen, Rep.",1999,0,0,1
"Yemen, Rep.",2000,0,0,1
"Yemen, Rep.",2001,0,0,1
"Yemen, Rep.",2002,0,0,1
"Yemen, Rep.",2003,0,0,1
"Yemen, Rep.",2004,0,0,1
"Yemen, Rep.",2005,0,0,1
"Yemen, Rep.",2006,0,0,1
"Yemen, Rep.",2007,0,0,1
"Yemen, Rep.",2008,0,0,1
"Yemen, Rep.",2009,0,0,1
"Yemen, Rep.",2016,0,0,1
"Yemen, Rep.",2017,0,0,1
"Yemen, Rep.",2018,0,0,1
Yugoslavia,1952,,1,
Yugoslavia,1954,,1,
Yugoslavia,1965,,1,
Yugoslavia,1971,,1,0
Yugoslavia,1980,,1,0
Yugoslavia,1981,,1,0
Yugoslavia,1983,,1,1
Yugoslavia,1984,,0,1
Yugoslavia,1985,,0,1
Yugoslavia,1986,,0,1
Yugoslavia,1987,,1,1
Yugoslavia,1988,,1,1
Yugoslavia,1989,,1,1
Yugoslavia,1990,,0,1
Yugoslavia,1991,,1,1
Zambia,1979,0,0,1
Zambia,1980,0,0,1
Zambia,1981,0,0,1
Zambia,1982,0,0,1
Zambia,1983,0,1,1
Zambia,1984,0,0,1
Zambia,1985,0,1,1
Zambia,1986,0,1,1
Zambia,1987,0,0,1
Zambia,1988,0,0,1
Zambia,1989,0,1,1
Zambia,1990,0,1,1
Zambia,1991,0,1,1
Zambia,1992,0,1,1
Zambia,1993,0,0,1
Zambia,1994,0,0,1
Zambia,1995,1,0,1
Zambia,1996,1,1,1
Zambia,1997,1,0,1
Zambia,1998,1,1,1
Zambia,1999,0,0,1
Zambia,2000,0,1,1
Zambia,2001,0,0,1
Zambia,2002,0,0,1
Zambia,2003,0,0,1
Zambia,2004,0,0,1
Zambia,2005,0,0,1
Zambia,2006,0,0,1
Zambia,2007,0,0,1
Zambia,2008,0,0,1
Zambia,2009,0,1,1
Zambia,2010,0,0,1
Zambia,2011,0,0,1
Zambia,2012,0,0,1
Zambia,2013,0,0,1
Zambia,2014,0,0,1
Zambia,2015,0,1,1
Zambia,2016,0,0,1
Zambia,2017,0,0,1
Zambia,2018,0,0,1
Zimbabwe,1965,,0,1
Zimbabwe,1966,,0,1
Zimbabwe,1967,,0,1
Zimbabwe,1968,,0,1
Zimbabwe,1969,,0,1
Zimbabwe,1970,0,0,1
Zimbabwe,1971,0,0,1
Zimbabwe,1972,0,0,1
Zimbabwe,1973,0,0,1
Zimbabwe,1974,0,0,1
Zimbabwe,1975,0,0,1
Zimbabwe,1976,0,0,1
Zimbabwe,1977,0,0,1
Zimbabwe,1978,0,0,1
Zimbabwe,1979,0,0,1
Zimbabwe,1980,0,0,1
Zimbabwe,1983,0,1,0
Zimbabwe,1984,0,1,0
Zimbabwe,1991,0,1,0
Zimbabwe,1995,1,0,0
Zimbabwe,1996,1,0,0
Zimbabwe,1997,1,1,0
Zimbabwe,1998,1,1,0
Zimbabwe,1999,1,0,0
Zimbabwe,2000,0,1,1
Zimbabwe,2001,0,0,1
Zimbabwe,2002,0,0,1
Zimbabwe,2003,0,1,1
Zimbabwe,2004,0,0,1
Zimbabwe,2005,0,1,1
Zimbabwe,2006,0,1,1
Zimbabwe,2007,0,1,1
Zimbabwe,2008,0,1,1
Zimbabwe,2009,0,,1
Zimbabwe,2010,0,,1
Zimbabwe,2011,0,,1
Zimbabwe,2012,0,,1
Zimbabwe,2013,0,,1
Zimbabwe,2014,0,,1
Zimbabwe,2015,0,,1
Zimbabwe,2016,0,,1
Zimbabwe,2017,0,,1
Zimbabwe,2018,0,,1
